HAT_NO;HAT_ADI;GUZERGAH_ACIKLAMA;ACIKLAMA;HAT_BASLANGIC;HAT_BITIS
5;NARLIDERE - ÜÇKUYULAR İSKELE;MİTHAT PAŞA CAD. - 9 EYLÜL HASTANESİ-F.ALTAY AKT.;;NARLIDERE;ÜÇKUYULAR İSKELE
6;ARIKENT - ÜÇKUYULAR İSK.;MİTHAT PAŞA CAD. - 9 EYLÜL HASTANESİ;;ARIKENT;ÜÇKUYULAR İSKELE
7;SAHİLEVLERİ - ÜÇKUYULAR İSK.;MİTHAT PAŞA CAD. - 9 EYLÜL HASTANESİ;;SAHİLEVLERİ;ÜÇKUYULAR İSKELE
8;GÜZELBAHÇE - F.ALTAY AKTARMA MERKEZİ;SEFERİHİSAR KAVŞAĞI-MİTHAT PAŞA CAD. - 9 EYLÜL HASTANESİ;;GÜZELBAHÇE;F.ALTAY AKT.
9;ÖZZÜMRÜT EVLERİ - SİTELER;MİTHATPAŞA CAD.- ISTIKBAL CAD.;;ÖZZÜMRÜT EVLERİ;SİTELER
10;ÜÇKUYULAR İSKELE - KONAK;MİTHATPAŞA CAD.-ASANSÖR-KARATAŞ;;ÜÇKUYULAR İSKELE;KONAK
15;İNÖNÜ - KONAK;ÇANKAYA MAH.-NOKTA-İNÖNÜ CAD.;;İNÖNÜ MAH.;KONAK
16;VATAN MAHALLESİ - ÜÇYOL;POLAT CAD.-YILDIZ CAD.-ORDU CAD.;;VATAN MAH.;ÜÇYOL METRO
17;UZUNDERE TOPLU KONUTLARI - F.ALTAY AKTARMA MERKEZİ;ÇEVRE YOLU-LİMONTEPE KAVŞAĞI;;UZUNDERE TOPLU KONUTLARI;F.ALTAY AKT.
18;YEŞİLYURT - KONAK;ATATÜRK EĞT.ARŞ.HAST.-ORDU CAD.- VARYANT;HATTIMIZ RİNG HAT OLUP KONAKTAN SAAT UYGULAMASI YOKTUR;YEŞİLYURT;KONAK
19;ŞEHİTLER - KONAK;BASIN SİTESİ-ATATÜRK EĞT. ARŞ.HAST.- ÜÇYOL;HATTIMIZ RİNG HAT OLUP KONAKTAN SAAT UYGULAMASI YOKTUR;ŞEHİTLER;KONAK
20;KOOPERATİF EVLERİ - KONAK;SAİM ÇIKRIKÇI CAD.-BOZYAKA EĞT. ARŞ.HAST.-ÜÇYOL;HATTIMIZ RİNG HAT OLUP KONAKTAN SAAT UYGULAMASI YOKTUR;KOOP. EVLERİ;KONAK
21;HALİL RIFAT PAŞA - KONAK;ŞATO;HATTIMIZ RİNG HAT OLUP HALİL RIFAT PAŞA'DAN SAAT UYGULAMASI YOKTUR.;HALİL RIFAT PAŞA;KONAK
23;UZUNDERE - KONAK;ESKİİZMİR CAD.-EŞREFPAŞA-VARYANT;HATTIMIZ RİNG HAT OLUP KONAKTAN SAAT UYGULAMASI YOKTUR;UZUNDERE;KONAK
24;KAVACIK - ÜÇKUYULAR İSKELE;TIRAZLI-LİMONTEPE KAVŞAĞI-ÇEVRE YOLU;;KAVACIK;ÜÇKUYULAR İSKELE
25;OYUNLAR KÖYÜ - ÜÇKUYULAR İSKELE;ÇEVRE YOLU-LİMONTEPE KAVŞAĞI;;OYUNLAR KÖYÜ;ÜÇKUYULAR İSKELE
27;ÇAMLIK - KONAK;KARABAĞLAR-EŞREFPAŞA-VARYANT;HATTIMIZ RİNG HAT OLUP KONAKTAN SAAT UYGULAMASI YOKTUR;ÇAMLIK;KONAK
28;KAVACIK - GÜZELBAHÇE;PAYAMLI - KÜÇÜKKAYA KÖYÜ;;KAVACIK;GÜZELBAHÇE
29;KADRİYE MAH. - KONAK;EŞREFPAŞA-VARYANT;;KADRİYE MAH.;KONAK
30;KAYNAK - KONAK;HASAN ÖZDEMİR MAH.- EŞREFPAŞA -VARYANT;;KAYNAK;KONAK
32;ÇİMENTEPE SİTESİ - KONAK;EŞREFPAŞA-VARYANT;;ÇİMENTEPE SİTESİ;KONAK
33;KADİFEKALE - KONAK;EŞREFPAŞA-VARYANT;;KADİFEKALE;KONAK
34;ESENTEPE - GÜMRÜK;TOROS - Y.KEMER - BASMANE;;ESENTEPE;GÜMRÜK
35;BALLIKUYU - KONAK;KAPILAR - BASMANE;;BALLIKUYU;KONAK
36;ŞİRİNYER AKTARMA MERKEZİ - GÜMRÜK;YEŞİLDERE - KAPILAR - BASMANE;;ŞİRİNYER AKT.;GÜMRÜK
39;İSMETPAŞA MAH. - GÜMRÜK;ÇİMENLİ CAMİ - KEMER - BASMANE;;İSMETPAŞA;GÜMRÜK
41;LEVENT - GÜMRÜK;LEVENT - KEMER AKTARMA MERKEZİ - BASMANE;Levent'ten 06.00, ve 06.25, servisleri Toros Meydan Durağı'ndan başlar.;LEVENT;GÜMRÜK
42;ÇINARTEPE - GÜMRÜK;LEVENT - KEMER - BASMANE;;ÇINARTEPE;GÜMRÜK
44;MERSİNPINAR - GÜMRÜK;BOĞAZİÇİ - YENİŞEHİR HASTANELER - BASMANE;;MERSİNPINAR;GÜMRÜK
45;GÜLTEPE - GÜMRÜK;BOĞAZİÇİ - YENİŞEHİR HASTANELER - BASMANE;;GÜLTEPE;GÜMRÜK
46;ÇOBANÇEŞME - GÜMRÜK;LEVENT - KEMER - BASMANE;;ÇOBANÇEŞME;GÜMRÜK
49;TEPECİK EĞİTİM ARAŞTIRMA HASTANESİ - LOZAN MEYDANI;BASMANE GAR- GAZİLER CAD.- KEMER AKTARMA MERKEZİ;HATTIMIZ RİNG HAT OLUP TEPECİK EĞİTİM ARAŞTIRMA HASTANESİNDEN SAAT UYGULAMASI YOKTUR.;TEPECİK EĞİTİM ARAŞTIRMA HASTANESİ;LOZAN MEYDANI
53;MTK ALTINDAĞ - HALKAPINAR METRO;ALTINDAĞ - KEMALPAŞA CAD. - 1. SANAYİ;;ALTINDAĞ;HALKAPINAR METRO
54;OTOGAR - KEMER AKTARMA MERKEZİ;YEŞİLOVA - MERSİNLİ - YENİŞEHİR HASTANELER;;OTOGAR;KEMER AKT.
57;ALTINDAĞ - KEMER AKTARMA MERKEZİ;ALTINDAĞ - YENİŞEHİR HASTANELER;;ALTINDAĞ;KEMER AKT.
58;KANDERE - KEMER AKTARMA MERKEZİ;YENİŞEHİR HASTANELER;;KANDERE;KEMER AKT.
59;BORNOVA METRO - KEMER AKTARMA MERKEZİ;KARACAOĞLAN MAH. - KAMİL TUNCA - YENİŞEHİR HASTANELER;;BORNOVA METRO;KEMER AKT.
60;PINARBAŞI - KEMER AKTARMA MERKEZİ;5. SANAYİ - KEMALPAŞA CAD. - YENİŞEHİR HASTANELER;;PINARBAŞI;KEMER AKT.
64;AYAKKABICILAR SİT. - KEMER AKTARMA MERKEZİ;IŞIKKENT - KEMALPAŞA CAD. - YENİŞEHİR HASTANELER;;AYAKKABICILAR SİTESİ;KEMER AKT.
67;PINARBAŞI - EVKA3 METRO;5. SANAYİ - PINAR CAD. - DOĞANLAR;;PINARBAŞI;EVKA3 METRO
72;İŞÇİEVLERİ - KONAK;ŞİRİNYER - EŞREFPAŞA - İKİÇEŞMELİK;HATTIMIZ RİNG HAT OLUP KONAKTAN SAAT UYGULAMASI YOKTUR;İŞÇİEVLERİ;KONAK
74;YENİGÜN MAH. - ŞİRİNYER AKTARMA MERKEZİ;İNKILAP İST.- KOŞU YOLU;;YENİGÜN MAH.;ŞİRİNYER AKT.
77;NAFİZ GÜRMAN - HALKAPINAR METRO 2;GÜMÜŞPALA - EMEK MAH. - SALHANE YOLU;;NAFİZ GÜRMAN;HALKAPINAR METRO 2
78;YAMANLAR - HALKAPINAR METRO 2;SOĞUKKUYU - BAYRAKLI - SALHANE YOLU;;YAMANLAR;HALKAPINAR METRO 2
82;SİTELER - F.ALTAY AKTARMA MERKEZİ;MİTHATPAŞA CAD.-NARLIDERE-9 EYLÜL HASTANESİ;;SİTELER;F.ALTAY AKT.
84;SALİH OMURTAK - ÜÇYOL METRO;SAİM ÇIKRIKÇI CAD.-BOZYAKA EĞT.ARŞ.HAST.;;SALİH OMURTAK;ÜÇYOL METRO
89;CENNETOĞLU - ÜÇYOL METRO;ZİNCİRLİKUYU-BOZYAKA EĞT.ARŞ.HAST.;;CENNETOĞLU;ÜÇYOL METRO
92;FUAR İZMİR - ÜÇYOL METRO;AKTEPE MAH. - KARABAĞLAR - HALİDE EDİP ADIVAR CAD.;Üçyol'dan 07:25 servisi Yeni Fuar Alanı havuz önüne çıkar. Akşam 17:05 servisi Yeni Fuar Alanı havuz önünden başlar.;FUAR İZMİR;ÜÇYOL METRO
102;ALPASLAN MAH. - HALKAPINAR METRO;MANAS BULV - ADLİYE;;ALPARSLAN MAH.;HALKAPINAR METRO
104;BUCA TOPLU KONUTLARI - KONAK;DOKUZ ÇEŞMELER - ŞİRİNYER - İKİÇEŞMELİK;HATTIMIZ RİNG HAT OLUP KONAKTAN SAAT UYGULAMASI YOKTUR.;BUCA TOPLU KONUTLARI;KONAK
105;ÇAMLIKULE - KONAK;AKINCILAR MAH. - EŞREFPAŞA - İKİÇEŞMELİK;HATTIMIZ RİNG HAT OLUP KONAKTAN SAAT UYGULAMASI YOKTUR;ÇAMLIKULE;KONAK
108;ESERKENT - ÜÇYOL METRO;UĞUR MUMCU-YEŞİLKAYA;;ESERKENT;ÜÇYOL METRO
111;NALDÖKEN - EVKA3 METRO;TÜRKAN ÖZİLHAN DEV.HAST. - 4.SANAYİ;;NALDÖKEN;EVKA3 METRO
114;EVKA 3 - EVKA3 METRO;PROFESORLER SİT. - CENGİZHAN CAD.;;EVKA 3;EVKA3 METRO
117;KAVAKLIDERE - KEMER AKTARMA MERKEZİ;5.SANAYİ SİTESİ- ALTINDAĞ - YENİŞEHİR HASTANELER;;KAVAKLIDERE;KEMER AKT.
119;ALTINDAĞ - BORNOVA METRO;YEŞİLOVA - MERSİNLİ - E.Ü. HASTANESİ;;ALTINDAĞ;BORNOVA METRO
121;MAVİŞEHİR AKTARMA MERKEZİ - KONAK;KARŞIYAKA - ALTINYOL - TALATPAŞA;;MAVİŞEHİR AKTARMA MERKEZİ;KONAK
123;ŞİRİNEVLER - ÇİĞLİ AKTARMA MERKEZİ;EGEKENT DEVLET HASTANESİ;;ŞİRİNEVLER;ÇİĞLİ AKT.
124;ALİ FUAT ERDEN - ÜÇYOL METRO;ESKİİZMİR CAD.-SAİM ÇIKRIKÇI CAD.-BOZYAKA EĞT.ARŞ.HAST.;;ALİ FUAT ERDEN;ÜÇYOL METRO
125;MUSTAFA KEMAL MAH - HALKAPINAR METRO2;ESİN SİT.  - CUMHURİYET MAH. - SALHANE YOLU;;MUSTAFA KEMAL MAH.;HALKAPINAR METRO 2
126;CUMHURİYET MAH. - KARŞIYAKA;SERİNKUYU - GİRNE;;CUMHURİYET MAH.;KARŞIYAKA İSKELE
128;EGEKENT 2 - EGEKENT AKTARMA ;30 AĞUSTOS MAH. - ÇANAKKALE ASFALTI;;EGEKENT 2;EGEKENT AKTARMA
135;DOĞANÇAY - KARŞIYAKA;KUBİLAY CAD. - SOĞUKKUYU - GİRNE;;DOĞANÇAY;KARŞIYAKA İSKELE
136;ÖRNEKKÖY - KARŞIYAKA;ZÜBEYDE HANIM MAH. - DEDEBAŞI - GİRNE;06:00-13:00 saatleri arası Karşıyaka?dan 13:00-17:30 saatleri arası Örnekköy?den yapılan servislerde mezarlığa uğramaktadır.;ÖRNEKKÖY;KARŞIYAKA İSKELE
137;YAMANLAR - KARŞIYAKA;SOĞUKKUYU-GİRNE;;YAMANLAR;KARŞIYAKA İSKELE
140;ÖRNEKKÖY - HALKAPINAR METRO2;DEDEBAŞI - BAYRAKLI - SALHANE YOLU;;ÖRNEKKÖY;HALKAPINAR METRO 2
147;POSTACI - HALKAPINAR METRO2;YENİ GİRNE - BAYRAKLI - SALHANE YOLU;;POSTACI;HALKAPINAR METRO 2
148;ONUR MAH. - HALKAPINAR METRO2;YENİ GİRNE - BAYRAKLI - SALHANE YOLU;;ONUR MAH.;HALKAPINAR METRO 2
149;KAKLIÇ - ÇİĞLİ AKTARMA MERKEZİ;ESKİ HAVAALANI CADDESİ;;KAKLIÇ;ÇİĞLİ AKT.
152;GAZİEMİR - KONAK;KARABAĞLAR- ÜÇYOL -VARYANT;;GAZİEMİR;KONAK
153;ÇAMKULE - KEMER AKTARMA MERKEZİ;MANİFATURACILAR SİT. - YENİŞEHİR HASTANELER;;ÇAMKULE;KEMER AKT.
154;ALTINDAĞ - HALKAPINAR METRO;MANİFATURACILAR SİT. - GAZİLER CAD. - 1. SANAYİ SİT.;;ALTINDAĞ;HALKAPINAR METRO
156;SAĞLIK OCAĞI - ÜÇYOL METRO;KARABAĞLAR - HALİDE EDİP ADIVAR BULV.;;SAĞLIK OCAĞI;ÜÇYOL METRO
157;AKTEPE MAHALLESİ - KONAK;PEKER MAHALLESİ - KARABAĞLAR -  VARYANT;;AKTEPE MAH.;KONAK
167;BALÇOVA KABRİSTAN - F.ALTAY AKTARMA MERKEZİ;ATA CAD.-MİTHATPAŞA CAD.;;BALÇOVA KABRİSTAN;F.ALTAY AKT.
168;EVKA 4 - HALKAPINAR METRO;ATATÜRK MAH. - OSMANGAZİ MAH.- ANKARA ASFALTI;;EVKA-4;HALKAPINAR METRO
171;TINAZTEPE - KONAK;BUCA KOOP. - AKINCILAR MAH. - EŞREFPAŞA;HATTIMIZ RİNG HAT OLUP KONAKTAN SAAT UYGULAMASI YOKTUR;TINAZTEPE;KONAK
176;DEMİRCİKÖY - ADATEPE;KARACAAĞAÇ - KIRKLAR - BELENBAŞI;;DEMİRCİKÖY;ADATEPE
177;KAYNAKLAR - ADATEPE;SEBZE HALİ - Y. MEZARLIK;;KAYNAKLAR;ADATEPE
193;YURTOĞLU - KONAK;CENNETÇEŞME - BOZYAKA - EŞREFPAŞA;;YURTOĞLU;KONAK
196;NAFİZ GÜRMAN - KARŞIYAKA İSKELE;GÜMÜŞPALA - NALDÖKEN -TERSHANE;;NAFİZ GÜRMAN;KARŞIYAKA İSKELE
197;NAFİZ GÜRMAN - KARŞIYAKA;GÜMÜŞPALA - GİRNE;;NAFİZ GÜRMAN;KARŞIYAKA İSKELE
200;MAVİŞEHİR AKTARMA MERKEZİ - HAVALİMANI;KARŞIYAKA - YEŞİLDERE - GAZİEMİR;;MAVİŞEHİR AKT.;HAVALİMANI
202;CUMHURİYET MEYDANI - HAVALİMANI;MUSTAFA KEMAL SAHİL BULV.-F. ALTAY-ÇEVRE YOLU;;CUMHURİYET MEYDANI;HAVALİMANI
204;BORNOVA METRO - HAVALİMANI;OTOGAR-ÇEVRE YOLU-AKÇAY CAD.;;BORNOVA METRO;HAVALİMANI
206;ŞİRİNYER AKTARMA MERKEZİ - HAVALİMANI;;;ŞİRINYER AKTARMA MERKEZİ;HAVALİMANI
214;EVKA3 METRO - KEMER;BORNOVA MERKEZ - MERSİNLİ - YENŞEHİR HASTANELER;;EVKA3 METRO;KEMER AKT.
221;ŞEMİKLER - BOSTANLI İSKELE;BESTEKAR YUSUF NALKESEN SK.-ŞEHİTLER BULV.-BOSTANLI MAH.;;ŞEMİKLER;BOSTANLI İSKELE
222;ŞEMİKLER - KARŞIYAKA İSKELE;ANADOLU CAD. - GİRNE;;ŞEMİKLER;KARŞIYAKA ISKELE
224;CENNETÇEŞME - KONAK;ESKIIZMIR CAD. - BOZYAKA - EŞREFPAŞA;;CENNETÇEŞME;KONAK
229;YAKAKENT MAHALLESİ - BOSTANLI İSKELE;ÇİĞLİ - ATAKENT;Olumsuz Hava Koşulları'nda Çamlıkent Meydan, Çamlıkent Çıkış ve Çamlıkent duraklarına hizmet verilemeyecektir.;YAKAKENT MAHALLESİ;BOSTANLI İSKELE
233;ESBAŞ AKTARMA MERKEZİ - KONAK;BEYAZEVLER - AKINCILAR - EŞREFPAŞA;;ESBAŞ AKT;KONAK
234;BALLIKUYU-GÜMRÜK;Yeşildere Cd.-Eşrefpaşa Cd.-İkiçeşmelik;;BALLIKUYU;GÜMRÜK
240;ZÜBEYDE HANIM MAH. - HALKAPINAR METRO2;YENİ GİRNE - ALTINYOL;;ZÜBEYDE HANIM MAH.;HALKAPINAR METRO 2
247;EVKA 6 - ÇİĞLİ AKTARMA MERKEZİ;AYDINLIK EVLER MAH.;;EVKA-6;ÇİĞLİ AKT.
249;EVKA 4 - KEMER;OSMANGAZİ - ADLİYE - YENİŞEHİR HASTANELER;;EVKA-4;KEMER AKT.
253;H.PINAR METRO 2 - KONAK;ALSANCAK-TALATPAŞA-CUMHURİYET BULV.;;HALKAPINAR METRO;KONAK
258;ONUR MAH. - KARŞIYAKA;POSTACI MAH. - GİRNE;;ONUR MAH.;KARŞIYAKA İSKELE
259;YEŞİLOVA MAHALLESİ - BORNOVA METRO;ABDİ İPEKÇİ CAD. - KARACAOĞLAN MAHALLESİ;HATTIMIZ RİNG HAT OLUP YEŞİLOVA MAHALLESİNDEN SAAT UYGULAMASI YOKTUR;YEŞİLOVA MAHALLESİ;BORNOVA METRO
267;PINARBAŞI - BORNOVA METRO;5. SANAYİ SİT. - AYAKKABICILAR - IŞIKKENT;;PINARBAŞI;BORNOVA METRO
268;DOĞANLAR - BORNOVA METRO;MEVLANA MAH.;;DOĞANLAR;BORNOVA METRO
277;OTOGAR - TINAZTEPE;HAYVAN BARINAĞI - GÖKDERE - YENİ KABRİSTAN;;OTOGAR;TINAZTEPE
285;EVKA 1 - KONAK;ŞİRİNYER - EŞREFPAŞA - İKİÇEŞMELİK;HATTIMIZ RİNG HAT OLUP KONAKTAN SAAT UYGULAMASI YOKTUR;EVKA-1;KONAK
290;BOSTANLI İSKELE - TINAZTEPE;KARŞIYAKA İSKELE-ALTINYOL-ANKARA CD.-ÇEVRE YOLU;;BOSTANLI;TINAZTEPE
295;HARMANDALI - EGEKENT AKTARMA MERKEZİ;Cumhuriyet Mah. - Uğur Mumcu Mah. - Çanakkale Asfaltı;;HARMANDALI;EGEKENT AKT.
302;OTOGAR - KONAK;KEMALPAŞA CAD. - YENİŞEHİR HASTANELER - GAZİ BULV.;;OTOGAR;KONAK
303;BUCA HEYKEL - KONAK;MENDERES CADDESİ-HOMEROS BULV. - KONAK TÜNELİ;;BUCA HEYKEL;KONAK
304;TINAZTEPE-KONAK;MENDERES CAD.- HOMEROS BULV. - KONAK TÜNELLERİ;;TINAZTEPE;KONAK
305;2. İNÖNÜ MAH. - F.ALTAY AKTARMA MERKEZİ;MİTHAT PAŞA CAD. - 9 EYLÜL HASTANESİ;;2.İNÖNÜ;F.ALTAY AKT.
311;İNCİRALTI - F.ALTAY;MİTHAT PAŞA CAD.;;İNCİRALTI;ESENTEPE
313;YENİ MEZARLIK - BORNOVA METRO;ESKİ MEZARLIK - GENÇLİK CAD.;;YENİ MEZARLIK;BORNOVA METRO
314;EVKA 3 - BORNOVA METRO;4. SANAYİ SİT. - TÜRKAN ÖZİLHAN DEVLET HASTANESİ - SUPHİ KOYUNCU LİSESİ;;EVKA 3;BORNOVA METRO
315;KARAÇAM - EVKA3 METRO;MANİSA YOLU;;KARAÇAM;EVKA3 METRO
316;BEŞYOL - EVKA3 METRO;YAKAKÖY - ÇİÇEKLİKÖY - SARNIÇKÖY;Hafta içi günleri hattımızın Beşyol Mahallesi kalkışlı 06.10 servisi Sarnıçköy Mahallesi'nden başlayacak olup, Evka3 Metro kalkışlı 19.25 servisi ise Sarnıçköy Mahallesi'nde son durak yapacaktır.;BEŞYOL;EVKA3 METRO
317;KAVAKLIDERE - EVKA3 METRO;YEŞİLÇAM - HACILARKIRI - TÜRKAN ÖZİLHAN DEVLET HASTANESİ;;KAVAKLIDERE;EVKA3 METRO
321;ÇAMLI - F. ALTAY AKTARMA MERKEZİ;YELKI - GÜZELBAHÇE - MITHATPAŞA;;ÇAMLI MAH.;F.ALTAY AKT.
322;MUSTAFA KEMAL MAHALLESİ - BOSTANLI İSKELE;ESİN SİTESİ-ÇEVRE YOLU-CAHER DUDAYEV BULV.;;MUSTAFA KEMAL MAHALLESİ;BOSTANLI İSKELE
326;MUSTAFA KEMAL MAH. - KARŞIYAKA;İNÖNÜ MAH. - CUMHURİYET MAH. -  GİRNE;;MUSTAFA KEMAL MAH.;KARŞIYAKA İSKELE
327;İNÖNÜ MAHALLESİ-BOSTANLI İSKELE;ÇEVREYOLU-CUMHURİYET MAH.-CAHER DUDAYEV BULV.;Hattımız ring hat olup İnönü Mahallesinden saat uygulaması yoktur. Ancak hafta içi ve cumartesi günleri 06:00 servisi Soyak İzsu durağından başlamaktadır.;İNÖNÜ MAHALLESİ;BOSTANLI
328;EVKA 3 METRO - SALHANE AKTARMA MERKEZİ;BORNOVA HÜKÜMET KONAĞI-MANAVKUYU ;;EVKA3 METRO;SALHANE AKT.
329;GÜZELTEPE - ÇİĞLİ AKTARMA MERKEZİ;ÇİĞLİ KOOP - ŞİRİNTEPE;;GÜZELTEPE;ÇİĞLİ AKT.
330;BOSTANLI İSKELE - EVKA3 METRO;KARŞIYAKA İSKELE-BAYRAKLI-MANAVKUYU-BORNOVA;;BOSTANLI İSKELE;EVKA3 METRO
335;DOĞANÇAY - HALKAPINAR METRO 2;GÜMÜŞPALA-TURAN-SALHANE;;DOĞAN ÇAY MEYD;HALKAPINAR METRO 2
338;EVKA 3 METRO - SALHANE AKTARMA MERKEZİ;GEDİZ CAD. - YZB. İBRAHİM HAKKI CAD. - SMYRNA MEYDANI;;EVKA3 METRO;SALHANE AKT.
342;EGEKENT - ÇİĞLİ AKTARMA MERKEZİ;İZKENT MAH.;;EGEKENT;ÇİĞLİ AKT.
344;EVKA 2 - ÇİĞLİ AKTARMA MERKEZİ;ÇİĞLİ EMNİYET MÜD.;;EVKA-2;ÇİĞLİ AKT.
346;EVKA 5 - EGEKENT AKTARMA MERKEZİ;ESENTEPE MAH.;Olumsuz hava koşullarında Doğan, Gezer, Zirve ve İzkent Son Durak durakları kullanılmayacaktır.;EVKA-5;EGEKENT AKT.
353;GAZİEMİR - TINAZTEPE;ÖNDER CAD. - BEYAZ EVLER MAH. - GAZETECİ YAZAR İSMAİL SİVRİ BULV.;;GAZİEMİR;TINAZTEPE
358;PINARBAŞI - BORNOVA METRO;PINARBAŞI - HURDACILAR SİTESİ - MEVLANA MAH.;;PINARBAŞI;BORNOVA METRO
359;R.ŞEVKET İNCE MAH. - SALHANE AKTARMA MERKEZİ;2140 SK.-ÇAY MAH.-SMYRNA MEYDANI;;R.ŞEVKET İNCE MAH.;SALHANE AKT.
361;BAHRİYE ÜÇOK - KARŞIYAKA İSKELE;GİRNE - CEMAL GÜRSEL CAD.;;BAHRİYE ÜÇOK;KARŞIYAKA ISKELE
364;GERİKAZANIMCILAR SİTESİ - HALKAPINAR METRO;KARA NAKLİYECİLER SİTESİ - OTOGAR - KAMİL TUNCA;;GERİKAZANIMCILAR SİTESİ;HALKAPINAR METRO
365;KAYADİBİ - EVKA3 METRO;HOMEROS VADİSİ - ÇAMİÇİ - EĞRİDERE;;KAYADİBİ;EVKA3 METRO
367;ÜMİT MAH. - KEMER AKTARMA MERKEZİ;ÜMIT MH.-DOĞANLAR MH.-MEVLANA MH.-YENIŞEHIR HASTANELER;;ÜMİT MAH.;KEMER AKT.
368;ÜMİT MAH. - BORNOVA METRO;MEVLANA MAH.;;ÜMİT MAH.;BORNOVA METRO
374;İZKENT - KONAK;ŞİRİNYER - EŞREFPAŞA - İKİÇEŞMELİK;HATTIMIZ RİNG HAT OLUP KONAKTAN SAAT UYGULAMASI YOKTUR;İZKENT;KONAK
390;TINAZTEPE - BORNOVA METRO;OTOYOL;;TINAZTEPE;BORNOVA METRO
412;TINAZTEPE - YERLEŞKE;FEN BİLİMLERİ ENST.-FEN EDEBİYAT FAK.-MÜHENDİSLİK FAK.;Hattımız hafta içi günleri saat 18.30'a kadar Turizm Fakültesi'ne hizmet verir.;TINAZTEPE;YERLEŞKE
417;BUCA KOOP - KONAK;İZBAN KOŞU - KONAK TÜNEL;;BUCA KOOP;KONAK
418;ŞİRİNYER AKTARMA MERKEZİ - H.PINAR METRO;GÜRÇEŞME - YENİŞEHİR HASTANELER - 1. SANAYİ SİT.;;ŞİRİNYER AKT.;HALKAPINAR METRO
423;ŞİRİNEVLER - BOSTANLI İSKELE;KENT HASTANESİ - ATAKENT;;ŞİRİNEVLER;BOSTANLI İSKELE
426;MUSTAFA KEMAL MAH - HALKAPINAR METRO2;İZMİR ÇEVRE YOLU  - YENİ GİRNE - SALHANE YOLU;;MUSTAFA KEMAL MAH;HALKAPINAR METRO2
428;EGEKENT 2 - BOSTANLI İSKELE;ULUKENT - ÇİĞLİ - ATAKENT;Körüklü Araçlar Ulukent İlköğretim Okulu, Ulucak Cami, Ulukent Meydan, Ulukent Çıkış, Celalettin Akar Duraklarına Uğramamaktadır.;EGEKENT-2;BOSTANLI İSKELE
429;GÜZELTEPE - BOSTANLI İSKELE;ÇİĞLİ - ŞİRİNTEPE - ATAKENT;;GÜZELTEPE;BOSTANLI İSKELE
430;YAKAKENT MAHALLESİ - BOSTANLI İSKELE;YÜKSEK VADİ EVLERİ - ESİN SİT.-GİRNE;Olumsuz Hava Koşulları'nda Çamlıkent Meydan, Çamlıkent Çıkış ve Çamlıkent duraklarına hizmet verilemeyecektir. ;YAKAKENT MAHALLESİ;BOSTANLI İSKELE
434;KÖRFEZ MAHALLESI - HALKAPINAR METRO 2;ÇEVRE YOLU - ANADOLU CAD. - SALHANE YOLU;;KÖRFEZ EVLERİ;HALKAPINAR METRO 2
435;KÖRFEZ MAHALLESI - BOSTANLI İSKELE;ÇEVRE YOLU - GİRNE;;KÖRFEZ EVLERİ;BOSTANLI İSKELE
441;ÇINARTEPE - ŞİRİNYER AKTARMA MERKEZİ;ESENTEPE - YIKIKKEMER;;ÇINARTEPE;ŞİRİNYER AKT.
442;ATATÜRK MAHALLESİ - BOSTANLI İSKELE;AHMET YESEVİ BULV.- İZKENT MAH.-KENT HASTANESİ;Olumsuz hava koşullarında Doğan, Gezer, Zirve ve İzkent Son Durak durakları kullanılmayacaktır.;ATATÜRK MAH.;BOSTANLI İSKELE
443;EGEKENT - BOSTANLI İSKELE;İZKENT MAH.-ÇİĞLİ - ATAKENT;;EGEKENT;BOSTANLI İSKELE
445;EVKA 2 - BOSTANLI İSKELE;MALTEPE - ÇİĞLİ - ATAKENT;;EVKA-2;BOSTANLI İSKELE
446;EVKA 5 - BOSTANLI İSKELE;ESENTEPE - ÇİĞLİ - ATAKENT;Olumsuz hava koşullarında Doğan, Gezer, Zirve ve İzkent Son Durak durakları kullanılmayacaktır.;EVKA-5;BOSTANLI İSKELE
447;EVKA 6 - BOSTANLI İSKELE;AYDINLIKEVLER - ÇİĞLİ - ATAKENT;;EVKA-6;BOSTANLI İSKELE
449;İZYUVA - EVKA3 METRO;SARAYKENT;;İZYUVA;EVKA3 METRO
465;TINAZTEPE - KONAK;AHMET YESEVİ CAD. - ENHOŞLAR-  EŞREFPAŞA;HATTIMIZ RİNG HAT OLUP KONAKTAN SAAT UYGULAMASI YOKTUR;TINAZTEPE;KONAK
466;ŞİRİNYER AKTARMA MERKEZİ - KONAK;GÜRÇEŞME - GAZİLER CAD. - BASMANE;;ŞİRİNYER AKT.;KONAK
470;TINAZTEPE - LOZAN MEYDANI;EŞREFPAŞA - İKİÇEŞMELİK;;TINAZTEPE;LOZAN MEYDANI
471;TINAZTEPE - KONAK;Buca Seyfi Demirsoy Devlet Hastanesi-Şirinyer-Eşrefpaşa;HATTIMIZ RİNG HAT OLUP KONAKTAN SAAT UYGULAMASI YOKTUR.;TINAZTEPE;KONAK
475;TINAZTEPE ÜNİVERSİTESİ - HALKAPINAR METRO;TELSİZLER-TOROZ CAD - BOĞAZİÇİ CAD;Hattımız Semt Pazarı'nın kurulduğu günlerde Samsun Caddesi güzergahını kullanmaktadır.;TINAZTEPE ÜNİVERSİTESİ;HALKAPINAR METRO
476;TINAZTEPE - ŞİRİNYER AKTARMA MERKEZİ;KURUÇEŞME - BUCA KOOP - MENDERES CAD.;;TINAZTEPE;ŞİRİNYER AKT.
477;NAFİZ GÜRMAN - HALKAPINAR METRO2;GÜMÜŞPALA - NALDÖKEN - ALTINYOL;;NAFİZ GÜRMAN;HALKAPINAR METRO 2
480;İNCİRALTI - ÜÇKUYULAR İSKELE;BALÇOVA - ATA CAD.-F. ALTAY;;İNCİRALTI;ÜÇKUYULAR İSKELE
481;İNCİRALTI - BALÇOVA;BAHÇELERARASI- YILDIZ SOKAK - ÜÇKUYULAR İSKELE;;İNCİRALTI;BALÇOVA
484;YEŞİLBAĞLAR - KONAK;INKILAP İSTASYON - AKINCILAR - EŞREFPAŞA;HATTIMIZ RİNG HAT OLUP KONAKTAN SAAT UYGULAMASI YOKTUR.;YEŞİLBAĞLAR;KONAK
485;GAZİEMİR İLÇE TERMİNALİ - KONAK;GÖKSU - YEŞİLBAĞLAR - FIRAT;HATTIMIZ RİNG HAT OLUP KONAKTAN SAAT UYGULAMASI YOKTUR.;GAZİEMİR İLÇE TERMİNALİ;KONAK
486;OYAK SİTESİ - İNCİRALTI;BAKÜ BULV.-ÜÇKUYULAR İSKELE;;OYAK SİTESİ;İNCİRALTI
487;DEMİRKÖPRÜ - KARŞIYAKA;GÜNSAZAK BULV. - GİRNE;;DEMİRKÖPRÜ;KARŞIYAKA İSKELE
490;TINAZTEPE - ÜÇYOL;DOKUZ ÇEŞMELER - ŞİRİNYER - HALİDE EDİP ADIVAR CAD.;;TINAZTEPE;ÜÇYOL METRO
491;EVKA 7 - ESBAŞ AKTARMA MERKEZİ;IRMAK MAH.-GAZİEMİR İLÇE MERKEZİ-SARNIÇ;;EVKA 7;SARNIÇ AKTARMA MERKEZİ
498;EVKA 3 METRO - HALKAPINAR METRO;DUMLUPINAR CAD. - YZB İBRAHİM HAKKI CAD. - ADLİYE;;EVKA3 METRO;HALKAPINAR METRO
501;ÇİÇEK MAH. - HALKAPINAR METRO;MANAS BULV - ADLİYE - ÇINARLI EML.;;ÇİÇEK MAH.;HALKAPINAR METRO
502;CENGİZHAN - HALKAPINAR METRO;BAYRAKLI ŞEHİR HASTANESİ - MANAS BULV - ADLİYE - ÇINARLI EML.;;CENGİZHAN;HALKAPINAR METRO
503;BARIŞ KAHVESİ - HALKAPINAR METRO;ÇAY MAH - ADLİYE - ÇINARLI EML.;HAFTA İÇİ GÜNLERİ SABAH 06.50-07.10-07.30-07.50-08.10-08.30 SERVİSLERİ ÇAY MAHALLESİ SON DURAKTAN BAŞLAR.;BARIŞ KAHVESİ;HALKAPINAR METRO
504;FUAT EDİP BAKSI - HALKAPINAR METRO;MANAS BULV - ADLİYE - ÇINARLI EML.;;F.EDİP BAKSI;HALKAPINAR METRO
505;ÇAMKULE - BORNOVA METRO;ALTINDAĞ - OTOGAR - BORNOVA ANADOLU LİSESİ;;ÇAMKULE;BORNOVA METRO
508;MENDERES - KONAK;KARABAĞLAR-ÜÇYOL-VARYANT;;MENDERES;KONAK
510;GAZİEMİR - BALÇOVA;SERBEST BÖLGE - ÇEVRE YOLU-F.ALTAY;;GAZİEMİR;BALÇOVA
513;GAZİ MEYDANI - HALKAPINAR METRO;ÇAY MAH - ADLİYE - ÇINARLI EML.;;GAZİ MEYDANI;HALKAPINAR METRO
515;TINAZTEPE - EVKA3 METRO;MANAVKUYU-ADLİYE-YEŞİLDERE-MENDERES CAD.;;TINAZTEPE;EVKA3 METRO
516;YENİTEPE EVLERİ - GAZİEMİR SEMT GARAJI;UZUNDERE - AKTEPE;;YENİTEPE EVLERİ;GAZİEMİR SEMT GARAJI
517;UZUNDERE TOPLU KONUTLARI - F.ALTAY ;İHSAN ALYANAK BUL. - POLİGON METRO;;UZUNDERE TOPLU KONUTLARI;F.ALTAY
520;SALİH OMURTAK - ÜÇYOL METRO;ATATÜRK EĞT.ARŞ.HAST.- BASIN SİTESİ - KOOP EVLERİ;;SALİH OMURTAK;ÜÇYOL METRO
522;UZUNDERE TOPLU KONUTLARI - ÜÇYOL METRO;ESKİ İZMİR CAD. - BOZYAKA EĞT. ARŞ. HAST.;;UZUNDERE TOPLU KONUTLARI;ÜÇYOL METRO
523;UZUNDERE - ÜÇYOL METRO;İHSAN ALYANAK BUL. - ATATÜRK EĞİT. VE ARAŞ. HAST.;;UZUNDERE;ÜÇYOL METRO
524;CENNETÇEŞME - ÜÇYOL METRO;YURTOĞLU - İHSAN ALYANAK BULVARI-ATATÜRK EĞİTİM ARAŞTIRMA HASTANESİ;;CENNETÇEŞME;ÜÇYOL METRO
529;YAKAKENT MAHALLESİ - ÇİĞLİ AKTARMA MERKEZİ;ŞİRİNTEPE - ÇİĞLİ KOOP.;Olumsuz Hava Koşulları'nda Yakakent Son Durak, Çamlıkent Meydan, Çamlıkent Çıkış , Çamlıkent duraklarına hizmet verilemeyecektir.;YAKAKENT MAHALLESİ;ÇİĞLİ AKTARMA MERKEZİ
532;BAYRAKLI ŞEHİR HASTANESİ - BOSTANLI İSKELE;GİRNE BULVARI;HATTIMIZ RİNG HAT OLUP HASTANEDEN SAAT UYGULAMASI YOKTUR.;ŞEHİR HASTANESİ;BOSTANLI İSKELE
533;BAYRAKLI ŞEHİR HASTANESİ - BORNOVA METRO;ÇEVRE YOLU;HATTIMIZ RİNG HAT OLUP HASTANEDEN SAAT UYGULAMASI YOKTUR.;ŞEHİR HASTANESİ;BORNOVA METRO
534;BAYRAKLI ŞEHİR HASTANESİ -  HALKAPINAR METRO;YÜZBAŞI İBRAHİM HAKKI CAD. SMYRNA MEYDANI;HATTIMIZ RİNG HAT OLUP HASTANEDEN SAAT UYGULAMASI YOKTUR.;BAYRAKLI ŞEHİR HASTANESI;HALKAPINAR METRO
535;BAYRAKLI ŞEHİR HASTANESİ - EGEKENT AKTARMA MERKEZİ;Anadolu Caddesi - Yeni Girne Caddesi;HATTIMIZ RİNG HAT OLUP BAYRAKLI ŞEHİR HASTANESİNDEN SAAT UYGULAMASI YOKTUR;BAYRAKLI ŞEHİR HASTANESİ;EGEKENT AKTARMA MERKEZİ
537;BAYRAKLI ŞEHİR HASTANESİ-DOĞANÇAY ;Yamanlar - Org. Nafiz Gürman - Emek - Gümüşpala - Körfez;;BAYRAKLI ŞEHİR HASTANESİ;DOĞANÇAY
539;YENİTEPE EVLERİ - SALHANE AKTARMA MERKEZİ;YEŞİLDERE - MERSİNLİ - ADLİYE;;YENİTEPE EVLERİ;SALHANE AKTARMA MERKEZİ
543;BOSTANLI İSKELE - H.PINAR METRO;BAYRAKLI - ADLİYE - MERSİNLİ;;BOSTANLI İSKELE;HALKAPINAR METRO
547;ÇİĞLİ AKTARMA MERKEZİ - BOSTANLI İSKELE;ATAŞEHİR MAH.-CAHER DUDAYEV BULV.-ŞEHİTLER BULV;;ÇİĞLİ AKT.;BOSTANLI İSKELE
550;GÜNALTAY - KONAK;ESERKENT-ZİNCİRLİKUYU-ÜÇYOL;;GÜNALTAY;KONAK
551;NARLIDERE - F.ALTAY;NARLİDERE İSTİHKAM - 9 EYLÜL HAST - SAKARYA CAD.;;NARLIDERE;F.ALTAY
555;OTOGAR - HALKAPINAR METRO;YEŞİLOVA - MERSİNLİ;;OTOGAR;HALKAPINAR METRO
556;ÇAMLIK - ÜÇYOL METRO;DOSTLUK BULVARI-ZİNCİRLİ KUYU - BOZYAKA EĞT.ARŞ.HAST.;;ÇAMLIK;ÜÇYOL METRO
557;BAYRAKLI TOPLU KONUTLAR - BAYRAKLI İZBAN ;CENGİZHAN - ALPASLAN;HATTIMIZ RİNG HAT OLUP BAYRAKLI İZBANDAN SAAT UYGULAMASI YOKTUR.;BAYRAKLI TOPLU KONUTLAR;BAYRAKLI İZBAN
558;BAYRAKLI TOPLU KONUTLARI - BORNOVA METRO EKSPRES;ÇEVRE YOLU-EGE ÜNİVERSİTESİ HASTANESİ;;BAYRAKLI TOPLU KONUTLARI;BORNOVA METRO
559;BAYRAKLI TOPLU KONUTLARI - EVKA3 METRO;Çevreyolu - Özkanlar - Bornova Hükümet Konağı;;BAYRAKLI TOPLU KONUTLARI;EVKA3 METRO
560;PINARBAŞI - HALKAPINAR METRO;5.SANAYİ - OTOGAR - KAMİL TUNCA;;PINARBAŞI;HALKAPINAR METRO
564;AYAKKABICILAR SİTESİ - HALKAPINAR METRO;IŞIKKENT - OTOGAR - KAMİL TUNCA;;AYAKKABICILAR SİTESİ;HALKAPINAR METRO
565;EVKA 4 - BORNOVA METRO;İNÖNÜ MAH. - HÜKÜMET KONAĞI;;EVKA-4;BORNOVA METRO
566;EVKA 4 - BORNOVA METRO;ERSOY CAD.- HÜKÜMET KONAĞI;Hattımız 06:00 - 09:00 saatleri arasında ring yapmaktadır.;EVKA-4;BORNOVA METRO
568;EVKA 4 - BORNOVA METRO;ATATÜRK MAH. - OSMANGAZİ - BORNOVA MERKEZ;;EVKA-4;BORNOVA METRO
570;LAKA MAHALLESİ - BORNOVA METRO;DUMLUPINAR CAD. - BORNOVA MERKEZ;;LAKA MAH.;BORNOVA METRO
575;MALİYECİLER MAHALLESİ - ÜÇYOL METRO;Atatürk Eğt. Arş. Hast. - Ordu Caddesi;;MALİYECİLER MAHALLESİ;ÜÇYOL METRO
577;NAFİZ GÜRMAN-HALKAPINAR METRO 2;NAFİZ GÜRMAN - KUBİLAY CAD. - HALKAPINAR METRO 2;;NAFİZ GÜRMAN;HALKAPINAR METRO 2
579;YEŞİLYURT - ÜÇYOL METRO;ATATÜRK EĞT.ARŞ.HAST.-ORDU CAD.;HATTIMIZ RİNG HAT OLUP ÜÇYOL METRO'DAN SAAT UYGULAMASI YOKTUR.;YEŞİLYURT;ÜÇYOL METRO
584;İNÖNÜ MAH. - BORNOVA METRO;İNÖNÜ MAH. - ATATÜRK MAH.;;İNÖNÜ MAH.;BORNOVA METRO
585;EVKA 4 - BORNOVA METRO;ATATÜRK MAH. - HÜRRİYET CAD. - ERSOY CAD.;;EVKA-4;BORNOVA METRO
587;LİMONTEPE - KONAK;ESKİİZMİR CAD.-SAİM ÇIKRIKÇI CAD.-BOZYAKA EĞT.ARŞ.HAST.;;LİMONTEPE;KONAK
588;YENİ ÇAMLIK - KONAK;BARIŞ MAHALLESİ-BOZYAKA - KİLİMCİTEPE;;YENİ ÇAMLIK;KONAK
595;9 EYLÜL MAHALLESI - BOSTANLI İSKELE;KATİP ÇELEBİ ÜNİVERSİTESİ - ATAŞEHİR - ATAKENT;;9 EYLÜL MAH.;BOSTANLI İSKELE
596;KATIP ÇELEBI ÜNIVERSITESI - EGEKENT AKTARMA MERKEZİ;KATİP ÇELEBİ ÜNİVERSİTESİ;;KATİP ÇELEBİ ÜNİVERSİTESİ;EGEKENT AKT.
597;M. ERENER - BAYRAKLI SEVGİ YOLU ;ÇAY MAHALLESİ;HAFTA İÇİ GÜNLERİ BAYRAKLI SEVGİ YOLUNDAN 16.00 SERVİSİ ADLİYEDEN BAŞLAR.;M. ERENER;BAYRAKLI SEVGİ YOLU
598;BAYRAKLI TOPLU KONUTLARI - BAYRAKLI İZBAN;CENGİZHAN - BAYRAKLI SEVGİ YOLU;HATTIMIZ RİNG HAT OLUP BAYRAKLI İZBANDAN SAAT UYGULAMASI YOKTUR.;BAYRAKLI TOPLU KONUTLARI;BAYRAKLI İZBAN
599;M.ERENER - HALKAPINAR METRO;BAYRAKLI ŞEHİR HASTANESİ - ÇAY MAH. - ADLİYE - ÇINARLI EML.;;M.ERENER;HALKAPINAR METRO
602;MENEMEN AKTARMA - İZMİR OTOGAR ;ANADOLU CD. - PARK BORNOVA  ;ESHOT otogar son durağını kullanmaktadır.;MENEMEN AKTARMA;İZMİR OTOGAR
608;EGEKENT 2 - İZMİR OTOGAR ;HARMANDALI - ANADOLU CD. - PARK BORNOVA ;;EGEKENT 2;İZMİR OTOGAR
609;KÖFÜNDERE-ÖDEMİŞ;Kaymakçı-Ödemiş Müzesi;;KÖFÜNDERE;ÖDEMİŞ
610;FUAR İZMİR - GAZİEMİR SEMT GARAJI;AKTEPE - AKÇAY CAD.;Hafta içi günleri 06.45 servisi Esbaş Aktarma Merkezi'nden başlar.;FUAR İZMİR;GAZİEMİR SEMT GARAJI
611;ÇAYLI-ÖDEMİŞ;Kaymakçı-Yolüstü-Ödemiş Müzesi;;ÇAYLI;ÖDEMİŞ
616;KAYMAKÇI-ÖDEMİŞ;Kaymakçı Cezaevi-Ödemiş Müzesi;;KAYMAKÇI;ÖDEMİŞ
618;ERTUĞRULKÖY-ÖDEMİŞ;Ödemiş Müzesi;;ERTUĞRUL KÖY;ÖDEMİŞ
619;SEYREK - ULUKENT AKTARMA MERKEZİ 2 ;BAKIRÇAY ÜNİVERSİTESİ - GÜNERLİ MAH.;;SEYREK;ULUKENT AKTARMA MERKEZİ
621;KURUCUOVA-ÖDEMİŞ;Gereli-Gerçekli-Ödemiş Müzesi;;KURUCUOVA;ÖDEMİŞ
640;SIĞACIK - SEFERİHİSAR;Siteler - Akkum Cad. - Sığacık Cad. ;;SIĞACIK;SEFERİHİSAR
641;SEFERİHİSAR TOKİ - SEFERİHİSAR;GÖZSÜZLER CAD. - KARAKAYALAR CAD.;;SEFERİHİSAR TOKİ;SEFERİHİSAR
642;AKARCA - SEFERİHİSAR;Haritacılar Sitesi - Akarca Cad. - Tuzla Cad.;;AKARCA;SEFERİHİSAR
643;DEREKÖY - BERGAMA;İVRİNDİ YOLU - TURANLI YOLU;İlçe Pazarının Olduğu Çarşamba Günü Gidiş- Mevcut Güzergahı Takiben, Adnan Menderes Bulvarı, Kavşaktan Dönüş, Adnan Menderes Bulvarı, Fabrika Caddesi, Bergama Yeni Sondurak Dönüş- Bergama Yeni Sondurak, Fabrika Caddesi, Adnan Menderes Bulvarı, Mevcut Güzergahı Devamı Hizmet Verecek Şekilde Yeniden Düzenlenmiştir.;DEREKÖY;BERGAMA
644;GÖÇBEYLİ - BERGAMA;BÖLCEK - KADIKÖY - AYASKENT;İlçe Pazarının Olduğu Çarşamba Günü Gidiş- Mevcut Güzergahı Takiben, Adnan Menderes Bulvarı, Kavşaktan Dönüş, Adnan Menderes Bulvarı, Fabrika Caddesi, Bergama Yeni Sondurak Dönüş- Bergama Yeni Sondurak, Fabrika Caddesi, Adnan Menderes Bulvarı, Mevcut Güzergahı Devamı Hizmet Verecek Şekilde Yeniden Düzenlenmiştir.;GÖÇBEYLİ;BERGAMA
645;YENİKENT - BERGAMA;AŞAĞIKIRIKLAR - SÜLEYMANLI - OVACIK;;YENİKENT;BERGAMA
646;BERGAMA ORGANİZE SANAYİ BÖLGESİ - BERGAMA;SAĞANCI - PINARKÖY - NARLICA - ÇAMKÖY;;BERGAMA ORGANİZE SANAYİ BÖLGESİ;BERGAMA
648;GAZİ MAHALLESİ - MENEMEN AKTARMA MERKEZİ;GÖÇ İDARESİ-İNCİRLİ PINAR MAH.-MENEMEN DEV. HAST.;;GAZİ MAHALLESİ;MENEMEN AKTARMA MERKEZİ
650;FUAR İZMİR - BALÇOVA;ÇEVRE YOLU-F.ALTAY-ÜÇKUYULAR İSKELE;;FUAR İZMİR;BALÇOVA
651;OTOGAR - YILDIZEVLER;Hastane-Bayatlı;"Çarşamba günleri 06:00-20:00 saatleri arasında Pazar kurulması nedeniyle; Saltukbey, Okul ve Bakırçay Lisesi duraklarımız kullanım dışı kalmaktadır. Ayrıca hattımız ring hat olup,Yıldızevler'den saat uygulaması yoktur.";OTOGAR;YILDIZEVLER
652;OTOGAR - ÖĞRETMENEVİ;Hastane;HATTIMIZ RİNG HAT OLUP ÖĞRETMENEVİ'NDEN SAAT UYGULAMASI YOKTUR;OTOGAR;ÖĞRETMENEVİ
653;OTOGAR - TEPEKÖY;Hastane-Cezaevi;HATTIMIZ RİNG HAT OLUP TEPEKÖY'DEN SAAT UYGULAMASI YOKTUR;OTOGAR;TEPEKÖY
656;DEVLET HASTANESİ - DİKİLİSULTAN;Pazaryeri-Çarşı;HATTIMIZ RİNG HAT OLUP, DİKİLİSULTAN'DAN SAAT UYGULAMASI YOKTUR;DEVLET HASTANESİ;DİKİLİSULTAN
657;MALTEPE - MENEMEN AKTARMA MERKEZİ;VİLLAKENT-VİLLAKENT ANADOLU LİSESİ-KESİK;;MALTEPE;MENEMEN AKTARMA MERKEZİ
658;TOKİ - MENEMEN AKTARMA MERKEZİ;ASARLIK TOKİ EVLERİ-80. YIL CADDESİ-MENEMEN DEVLET HASTANESİ;;TOKİ;MENEMEN AKTARMA MERKEZİ
660;YENİ FOÇA - İZMİR OTOGAR;KARAGÖZ CADDESİ-ANADOLU CADDESİ-ANKARA CADDESİ;;YENİ FOÇA;OTOGAR
662;CENGİZHAN - KEMER;ADLİYE - MERSİNLİ - YENİŞEHİR HASTANELER;;CENGİZHAN;KEMER AKT.
664;YENİ FOÇA - ESKI FOÇA;MERSİNAKİ CADDESİ-FOÇA KAYMAKAMLIK;;YENİ FOÇA;ESKI FOÇA
665;YENİ FOÇA - SİTELER;BURUNUCU-YENİ FOÇA STADI;HATTIMIZ RİNG HAT OLUP SİTELERDEN SAAT UYGULAMASI YOKTUR.Çarşamba günleri Pazar kurulması nedeniyle Terminal, Doğan Çingil ve Osmangazi duraklarımız kullanım dışı kalmaktadır.;YENİ FOÇA;SİTELER
666;YENİ FOÇA - KOZBEYLI;KARAGÖZ CADDESİ-KOZBEYLİ MEYDAN;;YENİ FOÇA;KOZBEYLI
668;NAZARKÖY - KEMALPAŞA;ÇİNİLİKÖY-ATATÜRK BULVARI;Yaz Döneminde (15 Mayıs - 15 Eylül) 10.00 - 20.00 saatleri, Kış döneminde (15 Eylül - 15 Mayıs ) 10.00 - 18.00 saatleri arasında hafta sonları ve tatil günlerinde araçların Nazarköy kavşağından geriye dönülerek ilk kalkış yeri 31660 id no.lu Nazar Köy durağı olacak şekilde çalışacaktır.;NAZARKÖY;KEMALPAŞA
671;ŞİRİNYER AKTARMA MERKEZİ - F.ALTAY AKTARMA MERKEZİ;AKINCILAR MAH.- CENNETÇEŞME - ÇEVREYOLU;;ŞİRİNYER AKTARMA;F.ALTAY AKT.
675;SEFERİHİSAR - F.ALTAY AKT. MER. EKSPRES;ÇEVREYOLU;;SEFERİHİSAR;F.ALTAY AKTARMA MERKEZİ
676;TINAZTEPE - ŞİRİNYER AKTARMA MERKEZİ;KURUÇEŞME -YILDIZ MAH.- MENDERES CAD;;TINAZTEPE;ŞİRİNYER AKT.
678;ALANKIYI-BAYINDIR;KIZILOBA - SARIYURT;;ALANKIYI;BAYINDIR
679;SARIYURT-BAYINDIR;KIZILOBA-SARIYURT;;SARIYURT;BAYINDIR
680;BOZYAKA - LOZAN MEYDANI;EŞREFPAŞA-İKİÇEŞMELİK;BOZYAKA'DAN HAFTA İÇİ GÜNLERİ 06:01,06:20,06:41,07:00,07:20,07:41,08:00,08:20,08:35 SERVİSLERİ KARASELVİDEN BAŞLAMAKTADIR.;BOZYAKA;LOZAN MEYDANI
681;F.ALTAY - LOZAN MEYDANI;İNÖNÜ CAD.-ÜÇYOL-İKİÇEŞMELİK;;F.ALTAY AKT.;LOZAN MEYDANI
684;URLA - F.ALTAY AKT. MER. EKSPRES;URLA DEVLET HASTANESİ - ÇEVREYOLU;;URLA;F.ALTAY AKTARMA MERKEZİ
690;TINAZTEPE - F.ALTAY ;OTOYOL;;TINAZTEPE;F.ALTAY AKT.
691;GAZİEMİR - LOZAN MEYDAN;KARABAĞLAR - İKİÇEŞMELİK;;GAZİEMİR;LOZAN MEYDANI
692;KARAKUYU - PANCAR AKTARMA;GÖL SOKAK;;KARAKUYU;PANCAR AKTARMA
693;ZEYTİNKÖY - SELÇUK;SELÇUK YOLU CADDESİ - SELÇUK İZMİR YOLU;;ZEYTİNKÖY;SELÇUK
694;HAVUTÇULU - SELÇUK;İZMİR AYDIN YOLU;;HAVUTÇULU;SELÇUK
695;ULUKENT KOOP - EGEKENT AKTARMA MERKEZİ;ULUKENT AKTARMA - 7617 SK. - 9501 SK.;;ULUKENT KOOP;EGEKENT AKTARMA MERKEZİ
697;BEYDAĞ - İZMİR OTOGAR;KAYMAKÇI-OPTİMUM ALIŞVERİŞ MERKEZİ;Hattımız İztaşıt Tarafından işletilmektedir. ESHOT otogar son durağını kullanmaktadır.;BEYDAĞ;İZMİR OTOGAR
698;ASARLIK TOPLU KONUTLARI - ULUKENT AKTARMA MERKEZİ 1;KOYUNDERE;;ASARLIK TOPLU KONUTLARI;ULUKENT AKTARMA MERKEZİ
699;M.ERENER - KEMER;BAYRAKLI ŞEHİR HASTANESİ - ÇAY MAH. - ADLİYE - YENİŞEHİR HASTANELER;;M.ERENER;KEMER AKT.
701;TORBALI - TEKELİ;TEPEKÖY AKT. - KUŞÇUBURUN - AYRANCILAR - PANCAR;;TORBALI;TEKELİ
705;AYRANCILAR - SARNIÇ AKTARMA MERKEZİ;AYRANCILAR - YEŞİLKÖY;;AYRANCILAR;SARNIÇ AKT.
707;PANCAR AKTARMA MERKEZİ - MENDERES;Y.BULGURCA - OĞLANANASI - KISIKKÖY - CUMAOVASI AKT.;;PANCAR;MENDERES
709;DEMİRCİ - PANCAR AKTARMA MERKEZİ;YOĞURTÇULAR - AYRANCILAR;;DEMİRCİ;PANCAR
710;YAZIBAŞI - KUŞÇUBURUN AKTARMA MERKEZİ;KUŞÇUBURUN;;YAZIBAŞI;KUŞÇUBURUN AKTARMA
712;PANCAR AKTARMA - TORBALI;AYRANCILAR - BAHÇELİEVLER TOKİ - KUŞÇUBURUN;;PANCAR AKTARMA;ÇAYBAŞI
713;DEÜ MESLEK YÜKSEK OKULU - TORBALI;DEVLET HASTANESİ-TEPEKÖY AKT-ÇAYBAŞI;;DEÜ MESLEK YÜKSEK OKULU;TORBALI
714;DEÜ MESLEK YÜKSEK OKULU - TORBALI AKTARMA MERKEZİ;Devlet hastanesi - Tepeköy Aktarma - Haluk Alpsü Bulvarı;;DEÜ MESLEK YÜKSEK OKULU;TORBALI
715;DEÜ MESLEK YÜKSEK OKULU - TORBALI AKTARMA MERKEZİ;DEVLET HAS.-ATATÜRK MH.-TEPEKÖY AKT.;;DEÜ MESLEK YÜKSEK OKULU;TORBALI AKTARMA MERKEZİ
719;ÇAPAK - TORBALI;TEPEKÖY AKTARMA - ÇAYBAŞI;;ÇAPAK;TORBALI
721;KARAKUYU - TORBALI;FİDANLIK - KEMALPAŞA YOLU;;KARAKUYU;ÇAYBAŞI
722;YAZIBAŞI - TORBALI;KUŞÇUBURUN;;YAZIBAŞI;ÇAYBAŞI
724;ŞEHİTLER - TORBALI AKTARMA MERKEZİ;EĞERCİLER -ÇAYBAŞI;;ŞEHİTLER;TORBALI AKTARMA
727;BAYINDIR - TORBALI AKTARMA MERKEZİ;CANLI - ÇIRPI - HASKÖY - YENİKÖY;;BAYINDIR;TORBALI AKTARMA
728;KISIK SANAYİ - SARNIÇ AKTARMA MERKEZİ;ORMAN SAHASI - BELEDİYE GARAJI-SAĞLIK OCAĞI;;KISIK SANAYİ;SARNIÇ AKT.
729;ATAKÖY - CUMAOVASI AKTARMA MERKEZİ;ÇAMÖNÜ-DEĞİRMENDERE-ÇİLEME;;ATAKÖY;CUMAOVASI AKT.
732;SEFERİHİSAR - URLA;ULAMIŞ-TURGUT-İHSANİYE - BADEMLER;;SEFERİHİSAR;URLA
733;YAĞCILAR - URLA;DEMİRCİLİ-KUŞÇULAR-CAMİ ATİK MAH.;;YAĞCILAR;URLA
734;ÖZBEK - URLA;ÖZBEK YOLU-AHMET BESİM UYSAL CAD.-ERDOĞAN KER CAD.;;ÖZBEK;URLA
737;KADIOVACIK - URLA;BARBAROS-BİRGİ-UZUNKUYU;;KADIOVACIK;URLA
738;ÇEŞMEALTI - URLA;YALI CAD.-MİTHATPAŞA CAD.-BİNEVLER;;ÇEŞMEALTI;URLA
741;YAMANLAR KÖYÜ - KARŞIYAKA;YENİ GİRNE - GİRNE;;YAMANLAR KÖYÜ;KARŞIYAKA İSKELE
742;SANCAKLI KÖYÜ - KARŞIYAKA;DOĞANÇAY - KUBİLAY CAD. - GİRNE;;SANCAKLI KÖYÜ;KARŞIYAKA İSKELE
743;TİRE - SELÇUK;Selçuk Cad. - Tire Yolu - Belevi;;TİRE;SELÇUK
744;FOÇA - HATUNDERE AKTARMA MERKEZİ;BAĞARASI;İLÇE PAZARININ OLDUĞU SALI GÜNLERİ  GİDİŞ  DEĞİRMENLİK CADDESİ , HACI LİMANI KÜME EVLERİ SOKAK - MEVCUT GÜZERGAHIN DEVAMI  DÖNÜŞ  MEVCUT GÜZERGAHI TAKİBEN , HACI LİMANI KÜME EVLERİ SOKAK , DEĞİRMENLİK CADDESİ ,1. SOKAK , DEĞİRMENLİK CADDESİ   Hizmet verecek  şekilde yeniden düzenlenmiştir. Hattımız Aktarma Merkezinden Kalkışlarda İZBAN Geliş saatlerine göre hareket ettiğinden planlanan hareket saatlerinde gecikmeler yaşanabilmektedir.;FOÇA;HATUNDERE AKT.
745;YENİ FOÇA - BİÇEROVA AKTARMA MERKEZİ;CUMHURİYET MAH.;Çarşamba günleri Pazar kurulması nedeniyle Oruç Reis, Doğan Çingil ve Osmangazi duraklarımız kullanım dışı kalmaktadır. Hattımız Aktarma Merkezinden Kalkışlarda İZBAN Geliş saatlerine göre hareket ettiğinden planlanan hareket saatlerinde gecikmeler yaşanabilmektedir.;YENİFOÇA;BİÇEROVA AKT.
746;ÇAKMAKLI - BİÇEROVA AKTARMA MERKEZİ;Sanayi yolu;;ÇAKMAKLI;BİÇEROVA AKTARMA MERKEZİ
747;EMİRALEM - MENEMEN AKTARMA MERKEZİ;KIR MAHALLE - MENEMEN DEVLET HASTANESİ;;EMİRALEM;MENEMEN AKTARMA MERKEZİ
748;ULUKENT AKTARMA MERKEZİ 1- MENEMEN AKTARMA MERKEZİ ;KOYUNDERE - ASARLIK - MENEMEN DEVLET HASTANESİ;;ULUKENT AKTARMA MERKEZİ;MENEMEN AKTARMA MERKEZİ
749;ULUKENT AKTARMA MERKEZİ 1 - MENEMEN AKTARMA MERKEZİ;ÇANAKKALE YOLU;;ULUKENT AKTARMA MERKEZİ;MENEMEN AKTARMA MERKEZİ
750;YENİ FOÇA - ULUKENT AKTARMA MERKEZİ 2;MALTEPE - SEYREK;;YENİ FOÇA;ULUKENT AKTARMA MERKEZİ
751;SASALI - ÇİĞLİ AKTARMA MERKEZİ;ESKİ HAVAALANI CAD.;Hafta içi günlerinde Çiğliden 06:44 Sasalı'dan 07:30 yapan araç ile Çiğliden 16:30 Sasalı'dan 17:15 yapan araçlar Tuzlaya uğrar. Akşam Çiğli'den 19:45 ve Sasalı'dan 19:40 servislerinden sonra Doğal Yaşam Parkına girmez.;SASALI;ÇİĞLİ AKT.
752;BURUNCUK - HATUNDERE AKTARMA MERKEZİ;TURKELLİ - HELVACI ? HATUNDERE;;BURUNCUK;HATUNDERE AKTARMA MERKEZİ
753;GÖKTEPE - MENEMEN AKTARMA MERKEZİ;EMİRALEM;;GÖKTEPE;MENEMEN AKTARMA MERKEZİ
754;BOZALAN - MENEMEN AKTARMA MERKEZİ;TELEKLER - SÜLEYMANLI ? EMİRALEM;;BOZALAN;MENEMEN AKTARMA MERKEZİ
755;SÜLEYMANLI - MENEMEN AKTARMA MERKEZİ;GÖRECE - BELEN - HAYKIRAN ? HASANLAR;;SÜLEYMANLI;MENEMEN AKTARMA MERKEZİ
756;KOZBEYLİ - MENEMEN AKTARMA ;YENIKÖY-GERENKÖY-MALTEPE;;KOZBEYLİ;MENEMEN AKTARMA
757;MALTEPE - ULUKENT AKTARMA MERKEZİ 2;SEYREK - VİLLAKENT;HAFTA İÇİ GÜNLERİ ULUKENT AKTARMA MERKEZİNDEN 08:20 SERVİSİ VİLLAKENT ANADOLU LİSESİNDE SON DURAK YAPAR. MALTEPE'DEN 16:05 VE 16:08 SERVİSLERİ VİLLAKENT ANADOLU LİSESİNDEN BAŞLAR.;MALTEPE;ULUKENT AKTARMA MERKEZİ
758;ÇUKURKÖY - MENEMEN AKTARMA MERKEZİ;BELEN- DOĞAKÖY- YANIKKÖY;;ÇUKURKÖY;MENEMEN AKTARMA MERKEZİ
759;KARAORMAN - MENEMEN AKTARMA MERKEZİ;ÇALTI ALANİÇİ-AYVACIK;;KARAORMAN;MENEMEN AKTARMA MERKEZİ
760;ÇEŞME-URLA;ILICA-UZUNKUYU-İÇMELER;;ÇEŞME;URLA
761;KARABURUN-URLA;MORDOĞAN-GÜLBAHÇE;"20.01.2022 tarih ve 2022/50 sayılı Ukome Kararınca Mordoğan, Atatürk Caddesinin Cumhuriyet Meydanı ile 124 Sokak arasında kalan kısmı gün içerisinde trafiğe kapatılacak olup kapalı olduğu sürece ""Mordoğan İskele"" durağımızdan hizmet verilemeyecektir. ";KARABURUN;URLA
762;GÜZELBAHÇE - URLA;YELKİ - DADAŞKENT;;GÜZELBAHÇE;URLA
763;DÜVERLİK - TORBALI;Çamlıca Mezarlık-Taştepe;;DÜVERLİK;TORBALI
766;ANSIZCA - KEMALPAŞA;KUYUCAK - DAMLACIK - ULUCAK;;ANSIZCA;KEMALPAŞA
767;HALİLBEYLİ - KEMALPAŞA;BAĞYURDU - ARMUTLU - ÖRNEKKÖY;;HALİLBEYLİ;KEMALPAŞA
768;VİŞNELİ - KEMALPAŞA;CUMALİ - GÖKYAKA - DEREKÖY;;VİŞNELİ;KEMALPAŞA
769;ÇAMBEL - KEMALPAŞA;AKALAN - SÜTÇÜLER - AŞAĞI YENMİŞ;;ÇAMBEL;KEMALPAŞA
770;SELÇUK - TORBALI AKTARMA MERKEZİ;ÇAYBAŞI - PAMUKYAZI - SAĞLIK;Pazar günleri Pazar kurulması nedeniyle hattımız Belevi Durağı'ndan dönüş yapmaktadır.;SELÇUK;TORBALI AKTARMA
772;BEŞPINAR - KEMALPAŞA;SÜTÇÜLER-TAŞLIYOL KÜME SK.-KİRAZLI CAD.-İZMİR CD.;;BEŞPINAR;KEMALPAŞA
774;TİRE TOPLU KONUTLAR - KAHRAT;GÖKÇEN - TİRE MEYDAN - İSTASYON;;TİRE TOPLU KONUTLAR;KAHRAT
775;ÖZDERE - CUMAOVASI AKTARMA MERKEZİ;ORTAMAHALLE - AHMETBEYLİ-MENDERES;;ÖZDERE;CUMAOVASI AKT.
776;DOĞANBEY - CUMAOVASI AKTARMA MERKEZİ;ÜRKMEZ-GÜMÜLDÜR;;DOĞANBEY;CUMAOVASI AKT.
777;DOĞAL YAŞAM PARKI - KARŞIYAKA;ATAKENT;;DOĞAL YAŞAM PARKI;KARŞIYAKA İSKELE
778;ÖZDERE - ÜRKMEZ;CUMHURİYET MAH.-ORTA MAH. - GÜMÜLDÜR;;ÖZDERE;ÜRKMEZ
780;BÜLBÜLDERE - TORBALI AKTARMA MERKEZİ;GÖLLÜCE-ATALAN;;BÜLBÜLDERE;TORBALI AKTARMA
781;TULUMKÖY - TORBALI AKTARMA MERKEZİ;NAİME-SUBAŞI-PAMUKYAZI;;TULUMKÖY;TORBALI AKTARMA
782;TAŞKESİK - TORBALI AKTARMA MERKEZİ;ASLANLAR - ŞEHİTLER-EĞERCİ;;TAŞKESİK;TORBALI AKTARMA
783;BELEVİ - TORBALI;SAĞLIK;;BELEVİ;TORBALI
784;DOĞANCILAR - TORBALI;DAĞKIZILCA-ÇAKIRBEYLİ-SAİPLER;;DOĞANCILAR;ÇAYBAŞI
785;DAĞTEKKE - TORBALI;HELVACI-ORMANKÖY-DİRMİL-KARAKUYU;;DAĞTEKKE;ÇAYBAŞI
786;KARAOT - TORBALI;KARAKIZLAR - DÜVERLİK - ÇAMLICA;;KARAOT;ÇAYBAŞI
787;OSMANLAR - BAYINDIR;ÇINARDİBİ - DERNEKLİ-KIZILCAOVA;;OSMANLAR;BAYINDIR
788;HAVUZBAŞI - BAYINDIR;ARIKBAŞI-ÇİFTÇİGEDİĞİ-KIZILCAOVA;;HAVUZBAŞI;BAYINDIR
789;EFEMÇUKURU - CUMAOVASI AKTARMA MERKEZİ;ÇATALCA-AKÇAKÖY;;EFEMÇUKURU;CUMAOVASI AKT.
790;HİSARLIK - BAYINDIR;DEREKÖY-ERGENLİ KÖYÜ-TURAN KÖYÜ;;HİSARLIK;BAYINDIR
791;ÇAMLIBEL - BAYINDIR;SÖĞÜTÖREN KÖYÜ-FURUNLU KÖY-ELİFLİ KÖYÜ;;ÇAMLIBEL;BAYINDIR
792;GÖLOVA - CUMAOVASI AKTARMA MERKEZİ;ÇAKALTEPE-KARAKUYU-ÇİLEME;;GÖLOVA;CUMAOVASI AKT.
793;BALCILAR - BAYINDIR;YAKAPINAR-CANLI-BAYINDIR YOLU;;BALCILAR;BAYINDIR
794;KÜNER - CUMAOVASI AKTARMA MERKEZİ;KAYMAKAMLIK - MENDERES PAZAR YERİ;;KÜNER;CUMAOVASI AKTARMA MERKEZİ
795;ÖDEMİŞ-TORBALI;BAYINDIR-CANLI-ARIKBAŞI;;ÖDEMİŞ;ÇAYBAŞI
796;BEYDAĞ-ÖDEMİŞ;ÇAYLI-KAYMAKÇI-YOLÜSTÜ;;BEYDAĞ;ÖDEMİŞ
798;TİRE-TORBALI AKTARMA MERKEZİ;YENİÇİFTLİK-SUBAŞI-ÇAYBAŞI;"Hafta içi günlerde; Tire'den 08:30, 11:45 ve 14:45 servisleri, Torbalı'dan 09:15, 13:20 ve 16:05 servisleri Tire Organize Sanayi Bölgesine uğrar.";TİRE;TORBALI AKTARMA
799;ÇATALCA - CUMAOVASI AKTARMA;AKÇAKÖY - MENDERES BELEDİYESİ;;ÇATALCA;CUMAOVASI AKTARMA
800;MENEMEN AKTARMA - BORNOVA METRO;ANADOLU CD. - ANKARA CD. YANYOL - EGE ÜNİ.;;MENEMEN AKTARMA;BORNOVA METRO
801;KİRAZ - BEYDAĞ;Kiraz Devlet Hastanesi-Atatürk Bulvarı-Beydağ Terminal;Hattımız İztaşıt Tarafından işletilmektedir.;KİRAZ;BEYDAĞ
803;KİRAZ - ÖDEMİŞ;Kiraz Terminal-Kaymakçı-Ödemiş Devlet Hastanesi;Hattımız İztaşıt Tarafından işletilmektedir.;KİRAZ;ÖDEMİŞ
804;DEREKÖY - CUMAOVASI AKTARMA MERKEZI;MENDERES BELEDİYESİ - MENDERES PAZARYERİ;;DEREKÖY;CUMAOVASI AKT.
805;ÇAMLIKULE - ŞİRİNYER AKTARMA MERKEZİ;ÇAMLIPINAR - ÜÇKUYULAR MEYDAN - MENDERES CAD.;;ÇAMLIKULE;ŞİRİNYER AKT.
806;KİRAZ - OTOGAR;Kiraz Terminal-Kaymakçı-Optimum Alışveriş Merkezi;Hattımız İztaşıt Tarafından işletilmektedir. ESHOT otogar son durağını kullanmaktadır.;KİRAZ;OTOGAR
808;CUMAOVASI AKTARMA MERKEZİ - ESBAŞ AKTARMA MERKEZİ;GÖRECE;;CUMAOVASI AKT.;ESBAŞ AKT
810;ATATÜRK MAHALLESİ - EGEKENT AKTARMA MERKEZİ;EVKA 5;Olumsuz hava koşullarında Doğan, Gezer, Zirve ve İzkent Son Durak durakları kullanılmayacaktır.;ATATÜRK MAH.;EGEKENT AKT.
811;ENGELLİLER MERKEZİ - MONTRÖ;MİTHATPAŞA CAD.-İNÖNÜ CAD.-MUSTAFA KEMAL SAHİL BULV.;;ENGELLİLER MERKEZİ;MONTRÖ
814;MENDERES - CUMAOVASI AKTARMA MERKEZİ;GAZİPAŞA MAHALLESİ;;MENDERES;CUMAOVASI AKT.
816;ÇİĞLİ BÖLGE EĞİTİM HASTANESİ - EGEKENT AKTARMA MERKEZİ;ÇİĞLİ BÖLGE EĞİTİM HASTANESİ-EGEKENT MAH.-İZKENT MAH.-ESENTEPE MAH.;Olumsuz hava koşullarında Doğan, Gezer, Zirve ve İzkent Son Durak durakları kullanılmayacaktır.;ÇİĞLİ BÖLGE EĞİTİM HASTANESİ;EGEKENT AKTARMA MERKEZİ
817;EGEKENT AKTARMA MERKEZİ - ÇİĞLİ AKTARMA MERKEZİ;KATİP ÇELEBİ ÜNİVERSİTESİ - BALATÇIK MAH. - ÇİĞLİ BÖLGE EĞİTİM HASTANESİ;Eğitim Öğretimin uygulandığı Hafta içi günlerinde Egekent Aktarma Merkezi ve Çiğli Aktarma Merkezinden 07:30 - 09:00 ve 14:40 - 16:00 saatleri arasında Tekel Ortaokuluna uğrar. ;EGEKENT AKT.;ÇİĞLİ AKT.
818;ESBAŞ AKTARMA MERKEZİ - ŞİRİNYER AKTARMA MERKEZİ;BEYAZEVLER-GAZETECİ YAZAR İSMAİL SİVRİ BULV.-FORBES;;ESBAŞ AKT;ŞİRİNYER AKT.
820;HARMANDALI - BOSTANLI İSKELE;Cumhuriyet Mah. - Uğur Mumcu Mah. - Çiğli - Atakent;;HARMANDALI;BOSTANLI İSKELE
821;MAVİŞEHİR AKTARMA MERKEZİ - BOSTANLI İSKELE;MAVİŞEHİR MAH.-ATAKENT MAH.-HASAN ALİ YÜCEL BUV.;;MAVİŞEHİR AKT.;BOSTANLI İSKELE
823;ÜÇYOL - GAZİEMİR SEMT GARAJI;BOZYAKA EĞT.ARŞ.HAST.-ESKİİZMİR CAD.-ÇEVRE YOLU;;ÜÇYOL METRO;GAZİEMİR SEMT GARAJI
826;GAZİ MAHALLESI - ULUKENT AKTARMA MERKEZİ 1;EGEKENT 2 İSTASYON;;GAZİ MAHALLESI;ULUKENT AKTARMA MERKEZİ
827;ULUKENT AKTARMA MERKEZİ - BOSTANLI İSKELE;ULUKENT KOP. - ÇİĞLİ - ATAKENT;;ULUKENT AKT.;BOSTANLI İSKELE
828;SARNIÇ - YENİ ÇAMLIK;GAZİEMİR- AKÇAY CAD.- SERBEST BÖLGE;;SARNIÇ;YENİ ÇAMLIK
829;ÜRKMEZ-CUMAOVASI AKTARMA;KUYUCAK - YENİKÖY - DEREKÖY;;ÜRKMEZ;CUMAOVASI AKTARMA
831;DEMİRCİDERE - BERGAMA;KAPLAN - AYVATLAR - YUKARIBEY;İlçe Pazarının Olduğu Çarşamba Günü Gidiş- Mevcut Güzergahı Takiben, Adnan Menderes Bulvarı, Kavşaktan Dönüş, Adnan Menderes Bulvarı, Fabrika Caddesi, Bergama Yeni Sondurak Dönüş- Bergama Yeni Sondurak, Fabrika Caddesi, Adnan Menderes Bulvarı, Mevcut Güzergahı Devamı Hizmet Verecek Şekilde Yeniden Düzenlenmiştir. 03.02.2025 tarihinden itibaren Saat 15:40 servisi Aşağıbey Okul durağından başlayacak olup Aşağıcuma Okul durağına da hizmet verecektir.;DEMİRCİDERE;BERGAMA
832;YUKARICUMA - BERGAMA;AŞAĞICUMA - OKÇULAR - İNCECİKLER;"Hafta içi günleri 07:20 servisi Yukarıbey Cami durağından başlamaktadır. 03.02.2025 tarihinden itibaren Saat 15:45 servisi Aşağıcuma Okul durağından 831 No.lu ""Demircidere-Bergama"" hattı tarafından yapılacaktır. İlçe Pazarının Olduğu Çarşamba Günü Gidiş- Mevcut Güzergahı Takiben, Adnan Menderes Bulvarı, Kavşaktan Dönüş, Adnan Menderes Bulvarı, Fabrika Caddesi, Bergama Yeni Sondurak Dönüş- Bergama Yeni Sondurak, Fabrika Caddesi, Adnan Menderes Bulvarı, Mevcut Güzergahı Devamı Hizmet Verecek Şekilde Yeniden Düzenlenmiştir.";YUKARICUMA;BERGAMA
833;GÜNEŞLİ - BERGAMA;KARAVELİLER - KAPIKAYA;İlçe Pazarının Olduğu Çarşamba Günü Gidiş- Mevcut Güzergahı Takiben, Adnan Menderes Bulvarı, Kavşaktan Dönüş, Adnan Menderes Bulvarı, Fabrika Caddesi, Bergama Yeni Sondurak Dönüş- Bergama Yeni Sondurak, Fabrika Caddesi, Adnan Menderes Bulvarı, Mevcut Güzergahı Devamı Hizmet Verecek Şekilde Yeniden Düzenlenmiştir.;GÜNEŞLİ;BERGAMA
834;YENİ MAHALLE - ALİAĞA AKTARMA MERKEZİ;PAZAR YERİ - ALİAĞA DEVLET HAST. - İLÇE MERKEZİ;;YENİ MAHALLE;ALİAĞA AKTARMA MERKEZİ
835;BERGAMA - ALİAĞA AKTARMA MERKEZİ;KURFALLI-YENİ ŞAKRAN-ÇALTIDERE;Bergama İlçe Pazarının Olduğu Çarşamba Günleri Dönüş- Mevcut Güzergahı Takiben, Adnan Menderes Bulvarı, Kavşaktan Dönüş, Adnan Menderes Bulvarı, Fabrika Caddesi, Bergama Yeni Sondurak Gidiş- Bergama Yeni Sondurak, Fabrika Caddesi, Adnan Menderes Bulvarı, Mevcut Güzergahı Devamı Hizmet Verecek Şekilde Yeniden Düzenlenmiştir. Hattımız Aktarma Merkezinden Kalkışlarda İZBAN Geliş saatlerine göre hareket ettiğinden planlanan hareket saatlerinde gecikmeler yaşanabilmektedir.;BERGAMA;ALİAĞA
836;KINIK-BERGAMA;BERGAMA DEVLET HASTANESİ;Bergama İlçe Pazarının Olduğu Çarşamba Günü Gidiş- Mevcut Güzergahı Takiben, Adnan Menderes Bulvarı, Kavşaktan Dönüş, Adnan Menderes Bulvarı, Fabrika Caddesi, Bergama Yeni Sondurak Dönüş- Bergama Yeni Sondurak, Fabrika Caddesi, Adnan Menderes Bulvarı, Mevcut Güzergahı Devamı Hizmet Verecek Şekilde Yeniden Düzenlenmiştir.;KINIK;BERGAMA
837;DİKİLİ-ALİAĞA AKTARMA MERKEZİ;ÇANDARLI-YENİ ŞAKRAN-ÇALTIDERE;HAFTAİÇİ DİKİLİ'DEN 05:30 - 06:35 - 07:20 - 08:05 - 08:45 - 12:40 - 15:20- 16:00 - 16:45 -  19:20'DE, ALİAĞA'DAN 06:45 - 07:10 -  08:23 - 12:23 - 13:40 - 15:11 -  16:23  - 17:40 - 18:23- 19:11 - 21:10 DA KALKAN ARAÇLAR, CUMARTESİ DİKİLİ'DEN 05:40 - 07:20 - 13:30 - 18:45'DE, ALİAĞA'DAN 07:10 - 12:50- 19:25 - 20:25'DE KALKAN ARAÇLAR, PAZAR DİKİLİ'DEN 05:40'DA KALKAN ARAÇ DELİKTAŞ'A UĞRAR. HATTIMIZ AKTARMA MERKEZİNDEN KALKIŞLARDA İZBAN GELİŞ SAATLERİNE GÖRE HAREKET ETTİĞİNDEN PLANLANAN HAREKET SAATLERİNDE GECİKMELER YAŞANABİLMEKTEDİR.;DİKİLİ;ALİAĞA
838;ŞİRİNYER AKTARMA MERKEZİ - GÜMRÜK;GÜVEN MAH. -  GÜRÇEŞME CAD.-BASMANE;Hafta içi günleri Şirinyer Aktarma Merkezi'nden 07.30, 07.42, 07.54, 08.02 ve 08.16 servisleri Çamlık Cami Durağı'ndan başlar.;ŞİRİNYER AKT.;GÜMRÜK
839;DİKİLİ DEVLET HASTANESİ - DİKİLİ İLÇE GARAJI;Barışkent - Dikili İlçe Merkezi;HATTIMIZ RİNG HAT OLUP DİKİLİ DEVLET HASTANESİNDEN SAAT UYGULAMASI YOKTUR;DİKİLİ DEVLET HASTANESİ;DİKİLİ İLÇE GARAJI
842;ZEYTİNDAĞ - BERGAMA;YENİKENT - KURFALLI;İlçe Pazarının Olduğu Çarşamba Günleri Dönüş- Mevcut Güzergahı Takiben, Adnan Menderes Bulvarı, Kavşaktan Dönüş, Adnan Menderes Bulvarı, Fabrika Caddesi, Bergama Yeni Sondurak Gidiş- Bergama Yeni Sondurak, Fabrika Caddesi, Adnan Menderes Bulvarı, Mevcut Güzergahı Devamı Hizmet Verecek Şekilde Yeniden Düzenlenmiştir.;ZEYTİNDAĞ;BERGAMA
847;POSTACILAR MAHALLESİ - KARŞIYAKA İSKELE;YENİ GİRNE - GİRNE;;BAYRAKLI EVLERİ;KARŞIYAKA İSKELE
848;KOYUNDERE - ULUKENT AKTARMA MERKEZİ 1;KOYUNDERE - EGEKENT 2 İSTASYON;;KOYUNDERE;ULUKENT AKTARMA MERKEZİ
849;YENİ ŞAKRAN MAHALLESİ - ALİAĞA AKTARMA;ŞAKRAN CEZAEVİ-ÇALTILIDERE- ALİAĞA İLÇE AKTARMA MERKEZİ;;YENİ ŞAKRAN MAHALLESİ;ALİAĞA AKTARMA
850;TUZÇULLU -SEYREK - ULUKENT AKTARMA MERKEZİ 2;GÜNERLİ ? SEYREK ? BAKIRÇAY ÜNİVERSİTESİ ;;TUZCULLU;ULUKENT AKTARMA MERKEZİ
853;EGEKENT AKTARMA MERKEZİ - KARŞIYAKA İSKELE;ÇİĞLİ - KARŞIYAKA DEVLET HASTANESİ - GİRNE;;EGEKENT AKT.;KARŞIYAKA İSKELE
858;BAYINDIR - İZMİR OTOGAR;ÇIRPI-HASKÖY-YENİ ÇİFTLİK;;BAYINDIR;İZMİR OTOGAR
865;KIZILKEÇİLİ - BAYINDIR;LÜTUFLAR-ZEYTİNOVA;;KIZILKEÇİLİ;BAYINDIR
866;BUCA TOPLU KONUTLARI - ŞİRİNYER AKTARMA MERKEZİ;İL JANDARMA K.-ADATEPE - FORBES;;BUCA TOPLU KONUTLARI;ŞİRİNYER AKT.
868;MENEMEN PLASTİK İHTİSAS ORGANİZE SANAYİ - ATATÜRK MAHALLESİ - MENEMEN AKTARMA MERKEZİ;MENEMEN PLASTİK OSB-ATATÜRK MAH.;;ORGANİZE SANAYİ;MENEMEN AKTARMA MERKEZİ
871;İŞÇİEVLERİ - ŞİRİNYER AKTARMA MERKEZİ;FEVZİ ÇAKMAK CAD.-MENDERES CAD.;;İŞÇİEVLERİ;ŞİRİNYER AKT.
872;HACI SİNAN - İSTASYON;TOKİ-ÜÇOLUK MEYDANI;Hattımız Pazar kurulması nedeniyle Cuma günleri hizmet veremeyecektir.Ayrıca hattımız ring hat olup, İstasyon'dan saat uygulaması yoktur.;HACISİNAN;İSTASYON
873;YENİTEPE EVLERİ - FAHRETTİN ALTAY AKTARMA;YURTOĞLU- UZUNDERE REK. ALANI - ÇEVRE YOLU;;YENİTEPE EVLERİ;FAHRETTİN ALTAY AKT.
874;İZKENT - ŞİRİNYER AKTARMA MERKEZİ;YAVUZ SULTAN SELİM CAD.-MENDERES CAD.;;İZKENT;ŞİRİNYER AKT.
875;EVKA 1 - ŞİRİNYER AKTARMA MERKEZİ;GAZİOSMANPAŞA CAD.-MENDERES CAD.;;EVKA-1;ŞİRİNYER AKT.
876;ŞİRİNKAPI - ŞİRİNYER AKTARMA MERKEZİ;İESOB EML-MENDERES CAD.;;ŞİRİNKAPI;ŞİRİNYER AKT.
877;UZUNDERE TOPLU KONUTLARI - GAZİEMİR SEMT GARAJI;CENNETÇEŞME-ESKİ İZMİR CAD.-ÇEVRE YOLU;;UZUNDERE TOPLU KONUTLARI;GAZİEMİR SEMT GARAJI
878;TINAZTEPE - ŞİRİNYER AKTARMA MERKEZİ;DOKUZ ÇEŞMELER - SEYFİ DEMİRSOY HASTANESİ - FORBES;SAAT 22:00'DEN SONRA TINAZTEPE YERLEŞKESİ İÇERİSİNE HİZMET VERMEYECEKTİR;TINAZTEPE;ŞİRİNYER AKT.
879;F.ALTAY - GAZİEMİR SEMT GARAJI;POLAT CAD.- DOSTLUK BULV.-AKTEPE;;F.ALTAY;GAZİEMİR SEMT GARAJI
881;HACI SİNAN - İSTASYON;TOKİ-HÜKÜMET KONAĞI-MENDERES BULVARI;Hattımız pazar kurulması nedeniyle sadece Cuma günleri hizmet verecektir.Ayrıca hattımız ring hat olup, İstasyon'dan saat uygulaması yoktur.;HACISİNAN;İSTASYON
882;İYTE - URLA;İçmeler;;İ.Y.T.E;URLA
883;İYTE - F.ALTAY AKT. MER. EKSPRES;EKSPRES HAT;;İYTE;F.ALTAY AKT.
887;SARNIÇ AKTARMA MERKEZİ - KONAK;AKÇAY CAD. - YEŞİLLİK CAD. - ÜÇYOL;;SARNIÇ AKT.;KONAK
889;SARNIÇ - SARNIÇ AKTARMA MERKEZİ;SARNIÇ MEYDAN-BELEDİYE GARAJI-PİKNİK ALANI;;SARNIÇ;SARNIÇ AKT.
891;EVKA 7 - GAZİEMİR SEMT GARAJI;ÖNDER CAD.-AKÇAY CAD.-SERBEST BÖLGE;;EVKA-7;GAZİEMİR SEMT GARAJI
906;ÇEŞME - URLA;GERMİYAN - REİSDERE;;ÇEŞME;URLA
909;ZEYTİNALANI - F. ALTAY AKTARMA MERKEZİ;NARLIDERE-9 EYLÜL HASTANESİ;;ZEYTİNALANI;F. ALTAY AKTARMA MERKEZİ
910;GAZİEMİR - KONAK;KARABAĞLAR-ÜÇYOL-VARYANT;;GAZİEMİR;KONAK
912;EGEKENT AKTARMA MERKEZİ - ALSANCAK GAR;ANADOLU CAD.-ALTINYOL;;EGEKENT AKTARMA;ALSANCAK GAR
920;ÇİĞLİ - KONAK;ANADOLUCAD.-SERİNKUYU-GİRNE-ALTINYOL;;ÇİĞLİ MERKEZ;KONAK
930;BORNOVA - KONAK;Manavkuyu-Adliye-Alsancak;;BORNOVA;KONAK
936;KINIK - ALİAĞA AKTARMA MERKEZİ;Dündarlı - Yayakent - Bergama;;KINIK;ALİAĞA
940;BUCA - KONAK;BUCA DEVL. HASTANESI.-MENDERES CD.-EŞREFPAŞA-VARYANT-İKİÇEŞMELİK;;BUCA;KONAK
945;ESENTEPE - ÜÇKUYULAR İSKELE;MEHMETÇİK BULV.;;ESENTEPE;ÜÇKUYULAR İSKELE
949;ÇAMBEL - EVKA 3 METRO;ÇAMBEL TOPLU KONUTLAR - ANKARA CADDESİ;;ÇAMBEL;EVKA 3 METRO
950;NARLIDERE - KONAK;ATA CAD.-F.ALTAY-INÖNÜ CAD.;;NARLIDERE;KONAK
951;HALKAPINAR METRO2-KONAK;ALSANCAK GAR - LOZAN MEYDANI - KAHRAMANLAR;;HALKAPINAR METRO2;KONAK
961;İÇMELER - URLA;Urla Devlet Hast. - Torosan;;İÇMELER;URLA
963;EVKA 3 METRO - ALSANCAK GAR;BORNOVA MERKEZ - MANAVKUYU;;EVKA 3 METRO;ALSANCAK GAR
966;ULUCAK - EVKA3 METRO;Türkan Özilhan Dev. Hast.- 4. Sanayi - Adil Demir Sitesi;;ULUCAK;EVKA3 METRO
967;ARMUTLU - KEMALPAŞA;AŞAĞIKIZILCA-YUKARI KIZILCA-ÖRNEKKÖY;;ARMUTLU;KEMALPAŞA
969;BALÇOVA - F.ALTAY AKTARMA MERKEZİ;EKONOMİ ÜNİVERSİTESİ-ATA CAD.;;BALÇOVA;F.ALTAY AKT.
971;NARBEL - F.ALTAY AKTARMA MERKEZİ;2. İNÖNÜ MAH.-9 EYLÜL HASTANESİ-MİTHATPAŞA CAD.;;NARBEL;F.ALTAY AKT.
975;SEFERİHİSAR - F.ALTAY AKTARMA;NARLIDERE-9 EYLÜL HASTANESİ;Hattımız İztaşıt Tarafından İşletilmektedir.;SEFERİHSAR;F.ALTAY AKTARMA
976;MORDOĞAN - KARABURUN;EĞLENHOCA - İNECİK - KÖSEDERE;;MORDOĞAN;KARABURUN
977;İZMİR DEMOKRASİ ÜNİVERSİTESİ - ÜÇKUYULAR İSKELE;F.ALTAY-ÇEVRE YOLU-UZUNDERE KAVŞAĞI;;DEMOKRASİ ÜNİVERSİTESİ;ÜÇKUYULAR İSKELE
978;PARLAK-URLA;KÜÇÜKBAHÇE-GÜLBAHÇE-BALIKLIOVA;;PARLAK;URLA
979;ÖMÜR BELDESİ - SEFERİHİSAR;KOCAÇAY CD.-KUŞADASI CD.;;ÖMÜR BELDESİ;SEFERİHİSAR
981;BALIKLIOVA - F.ALTAY AKTARMA MERKEZİ;KARAPINAR-NARLIDERE-9 EYLÜL HASTANESİ;;BALIKLIOVA;F.ALTAY AKT.
982;İYTE - F.ALTAY AKTARMA MERKEZİ;İÇMELER-NARLIDERE;;İ.Y.T.E.;F.ALTAY AKT.
983;BADEMLER - F.ALTAY AKTARMA MERKEZİ;ÇAMLI - YELKİ - NARLIDERE;;BADEMLER;F.ALTAY AKT.
984;URLA - F.ALTAY AKTARMA MERKEZİ;URLA DEVLET HASTANESİ-URLA İSKELE-KALABAK-ZEYTINALANI;;URLA;F.ALTAY AKT.
985;SEFERİHİSAR - F.ALTAY AKTARMA MERKEZİ;ULAMIŞ-NARLIDERE-9 EYLÜL HASTANESİ ;Hattımız İztaşıt Tarafından işletilmektedir;SEFERİHİSAR;F.ALTAY AKTARMA
986;ÜRKMEZ - SEFERİHİSAR;GÜMÜLDÜR - CUMHURİYET MAHALLESİ;Hattımız İztaşıt Tarafından İşletilmektedir;ÜRKMEZ;SEFERİHİSAR
987;ÜRKMEZ - F. ALTAY AKTARMA MERKEZİ;GÜMÜLDÜR-SEFERİHİSAR-NARLIDERE-9 EYLÜL HASTANESİ;Hattımız İztaşıt Tarafından İşletilmektedir;ÜRKMEZ;F. ALTAY AKTARMA MERKEZİ
988;KEMALPAŞA - EVKA3 METRO;BELKAHVE - TÜRKAN ÖZİLHAN DEVLET HASTANESİ - 4. SANAYİ;MİLLİ EĞİTİM BAKANLIĞI'NA BAĞLI İLKÖĞRETİM VE ORTAÖĞRETİM KURUMLARINDA YAZ TATİLİNİN BAŞLAMASI SEBEBİYLE HATTIMIZ PAKMAYA ÜLKÜ HİZAL ANADOLU LISESINE HİZMET VERMEYECEKTİR.;KEMALPAŞA;EVKA3 METRO
989;ORHANLI - SEFERİHİSAR;YENİKÖY-PAYAMLI-ÖMÜR BELDESİ-DOĞANBEY KÖYÜ;;ORHANLI;SEFERİHİSAR
990;BEYLER - SEFERİHİSAR;KAVAKDERE -HIDIRLIK - TURABİYE;;BEYLER;SEFERİHİSAR
991;ÇAMTEPE - SEFERİHİSAR;GÖDENCE - GÖLCÜK - ULAMIŞ;;ÇAMTEPE;SEFERİHİSAR
