BAGLANTI_TIP_ID;HAT_NO;HAT_ADI;GUZERGAH_ACIKLAMA;ACIKLAMA;HAT_BASLANGIC;HAT_BITIS;GIDIS_CALISMA_SAATI;DONUS_CALISMA_SAATI
1;5;NARLIDERE - ÜÇKUYULAR İSKELE;MİTHAT PAŞA CAD. - 9 EYLÜL HASTANESİ-F.ALTAY AKT.;;NARLIDERE;ÜÇKUYULAR İSKELE;06:00 - 23:00;06:40 - 23:40
1;6;ARIKENT - ÜÇKUYULAR İSK.;MİTHAT PAŞA CAD. - 9 EYLÜL HASTANESİ;;ARIKENT;ÜÇKUYULAR İSKELE;05:50 - 23:20;06:30 - 00:00
1;7;SAHİLEVLERİ - ÜÇKUYULAR İSK.;MİTHAT PAŞA CAD. - 9 EYLÜL HASTANESİ;;SAHİLEVLERİ;ÜÇKUYULAR İSKELE;06:00 - 23:35;06:45 - 00:20
1;8;GÜZELBAHÇE - F.ALTAY AKTARMA MERKEZİ;SEFERİHİSAR KAVŞAĞI-MİTHAT PAŞA CAD. - 9 EYLÜL HASTANESİ;;GÜZELBAHÇE;F.ALTAY AKT.;06:00 - 00:10;06:00 - 00:30
1;10;ÜÇKUYULAR İSKELE - KONAK;MİTHATPAŞA CAD.-ASANSÖR-KARATAŞ;;ÜÇKUYULAR İSKELE;KONAK;06:00 - 23:25;06:00 - 00:00
1;15;İNÖNÜ - KONAK;ÇANKAYA MAH.-NOKTA-İNÖNÜ CAD.;;İNÖNÜ MAH.;KONAK;06:00 - 23:30;06:20 - 00:00
1;16;VATAN MAHALLESİ - ÜÇYOL;POLAT CAD.-YILDIZ CAD.-ORDU CAD.;;VATAN MAH.;ÜÇYOL METRO;06:00 - 22:35;06:45 - 23:25
1;17;UZUNDERE TOPLU KONUTLARI - F.ALTAY AKTARMA MERKEZİ;ÇEVRE YOLU-LİMONTEPE KAVŞAĞI;;UZUNDERE TOPLU KONUTLARI;F.ALTAY AKT.;05:55 - 00:30;06:30 - 01:00
1;18;YEŞİLYURT - KONAK;ATATÜRK EĞT.ARŞ.HAST.-ORDU CAD.- VARYANT;HATTIMIZ RİNG HAT OLUP KONAKTAN SAAT UYGULAMASI YOKTUR;YEŞİLYURT;KONAK;06:05 - 23:20;
1;19;ŞEHİTLER - KONAK;BASIN SİTESİ-ATATÜRK EĞT. ARŞ.HAST.- ÜÇYOL;HATTIMIZ RİNG HAT OLUP KONAKTAN SAAT UYGULAMASI YOKTUR;ŞEHİTLER;KONAK;06:00 - 23:25;
1;20;KOOPERATİF EVLERİ - KONAK;SAİM ÇIKRIKÇI CAD.-BOZYAKA EĞT. ARŞ.HAST.-ÜÇYOL;HATTIMIZ RİNG HAT OLUP KONAKTAN SAAT UYGULAMASI YOKTUR;KOOP. EVLERİ;KONAK;06:00 - 23:20;
1;21;HALİL RIFAT PAŞA - KONAK;ŞATO;HATTIMIZ RİNG HAT OLUP HALİL RIFAT PAŞA'DAN SAAT UYGULAMASI YOKTUR.;HALİL RIFAT PAŞA;KONAK;;06:00 - 00:00
1;23;UZUNDERE - KONAK;ESKİİZMİR CAD.-EŞREFPAŞA-VARYANT;HATTIMIZ RİNG HAT OLUP KONAKTAN SAAT UYGULAMASI YOKTUR;UZUNDERE;KONAK;06:00 - 23:20;
1;24;KAVACIK - ÜÇKUYULAR İSKELE;TIRAZLI-LİMONTEPE KAVŞAĞI-ÇEVRE YOLU;;KAVACIK;ÜÇKUYULAR İSKELE;07:30 - 19:00;06:30 - 18:00
1;25;OYUNLAR KÖYÜ - ÜÇKUYULAR İSKELE;ÇEVRE YOLU-LİMONTEPE KAVŞAĞI;;OYUNLAR KÖYÜ;ÜÇKUYULAR İSKELE;06:00 - 23:30;06:30 - 00:00
1;27;ÇAMLIK - KONAK;KARABAĞLAR-EŞREFPAŞA-VARYANT;HATTIMIZ RİNG HAT OLUP KONAKTAN SAAT UYGULAMASI YOKTUR;ÇAMLIK;KONAK;06:00 - 23:20;
1;29;KADRİYE MAH. - KONAK;EŞREFPAŞA-VARYANT;;KADRİYE MAH.;KONAK;06:00 - 23:30;06:26 - 00:00
1;30;KAYNAK - KONAK;HASAN ÖZDEMİR MAH.- EŞREFPAŞA -VARYANT;;KAYNAK;KONAK;06:00 - 23:35;06:22 - 00:00
1;32;ÇİMENTEPE SİTESİ - KONAK;EŞREFPAŞA-VARYANT;;ÇİMENTEPE SİTESİ;KONAK;06:35 - 21:10;06:55 - 21:45
1;33;KADİFEKALE - KONAK;EŞREFPAŞA-VARYANT;;KADİFEKALE;KONAK;06:00 - 23:35;06:30 - 00:00
1;34;ESENTEPE - GÜMRÜK;TOROS - Y.KEMER - BASMANE;;ESENTEPE;GÜMRÜK;06:00 - 23:25;06:40 - 00:00
1;35;BALLIKUYU - KONAK;KAPILAR - BASMANE;;BALLIKUYU;KONAK;06:00 - 23:15;06:25 - 00:00
1;36;ŞİRİNYER AKTARMA MERKEZİ - GÜMRÜK;YEŞİLDERE - KAPILAR - BASMANE;;ŞİRİNYER AKT.;GÜMRÜK;06:00 - 23:30;06:36 - 00:00
1;39;İSMETPAŞA MAH. - GÜMRÜK;ÇİMENLİ CAMİ - KEMER - BASMANE;;İSMETPAŞA;GÜMRÜK;06:00 - 22:00;06:25 - 22:30
1;41;LEVENT - GÜMRÜK;LEVENT - KEMER AKTARMA MERKEZİ - BASMANE;Levent'ten 06.00, ve 06.25, servisleri Toros Meydan Durağı'ndan başlar.;LEVENT;GÜMRÜK;06:00 - 08:05;06:25 - 08:30
1;42;ÇINARTEPE - GÜMRÜK;LEVENT - KEMER - BASMANE;;ÇINARTEPE;GÜMRÜK;06:00 - 23:27;06:35 - 00:00
1;44;MERSİNPINAR - GÜMRÜK;BOĞAZİÇİ - YENİŞEHİR HASTANELER - BASMANE;;MERSİNPINAR;GÜMRÜK;06:00 - 23:20;06:25 - 00:00
1;45;GÜLTEPE - GÜMRÜK;BOĞAZİÇİ - YENİŞEHİR HASTANELER - BASMANE;;GÜLTEPE;GÜMRÜK;06:00 - 23:30;06:30 - 00:00
1;46;ÇOBANÇEŞME - GÜMRÜK;LEVENT - KEMER - BASMANE;;ÇOBANÇEŞME;GÜMRÜK;06:00 - 23:30;06:35 - 00:00
1;49;TEPECİK EĞİTİM ARAŞTIRMA HASTANESİ - LOZAN MEYDANI;BASMANE GAR- GAZİLER CAD.- KEMER AKTARMA MERKEZİ;HATTIMIZ RİNG HAT OLUP TEPECİK EĞİTİM ARAŞTIRMA HASTANESİNDEN SAAT UYGULAMASI YOKTUR.;TEPECİK EĞİTİM ARAŞTIRMA HASTANESİ;LOZAN MEYDANI;;07:00 - 19:45
1;53;MTK ALTINDAĞ - HALKAPINAR METRO;ALTINDAĞ - KEMALPAŞA CAD. - 1. SANAYİ;;ALTINDAĞ;HALKAPINAR METRO;06:00 - 00:15;06:35 - 00:50
1;54;OTOGAR - KEMER AKTARMA MERKEZİ;YEŞİLOVA - MERSİNLİ - YENİŞEHİR HASTANELER;;OTOGAR;KEMER AKT.;06:00 - 19:22;06:51 - 20:13
1;59;BORNOVA METRO - KEMER AKTARMA MERKEZİ;KARACAOĞLAN MAH. - KAMİL TUNCA - YENİŞEHİR HASTANELER;;BORNOVA METRO;KEMER AKT.;06:00 - 00:00;06:00 - 00:00
1;67;PINARBAŞI - EVKA3 METRO;5. SANAYİ - PINAR CAD. - DOĞANLAR;;PINARBAŞI;EVKA3 METRO;06:00 - 00:00;06:30 - 00:40
1;72;İŞÇİEVLERİ - KONAK;ŞİRİNYER - EŞREFPAŞA - İKİÇEŞMELİK;HATTIMIZ RİNG HAT OLUP KONAKTAN SAAT UYGULAMASI YOKTUR;İŞÇİEVLERİ;KONAK;06:05 - 23:20;
1;77;NAFİZ GÜRMAN - HALKAPINAR METRO 2;GÜMÜŞPALA - EMEK MAH. - SALHANE YOLU;;NAFİZ GÜRMAN;HALKAPINAR METRO 2;06:00 - 23:20;06:45 - 00:05
1;78;YAMANLAR - HALKAPINAR METRO 2;SOĞUKKUYU - BAYRAKLI - SALHANE YOLU;;YAMANLAR;HALKAPINAR METRO 2;06:00 - 23:15;06:45 - 00:00
1;82;SİTELER - F.ALTAY AKTARMA MERKEZİ;MİTHATPAŞA CAD.-NARLIDERE-9 EYLÜL HASTANESİ;;SİTELER;F.ALTAY AKT.;06:00 - 00:15;06:00 - 00:15
1;84;SALİH OMURTAK - ÜÇYOL METRO;SAİM ÇIKRIKÇI CAD.-BOZYAKA EĞT.ARŞ.HAST.;;SALİH OMURTAK;ÜÇYOL METRO;06:00 - 22:30;06:43 - 23:10
1;89;CENNETOĞLU - ÜÇYOL METRO;ZİNCİRLİKUYU-BOZYAKA EĞT.ARŞ.HAST.;;CENNETOĞLU;ÜÇYOL METRO;06:15 - 19:10;06:45 - 20:00
1;92;FUAR İZMİR - ÜÇYOL METRO;AKTEPE MAH. - KARABAĞLAR - HALİDE EDİP ADIVAR CAD.;Üçyol'dan 07:25 servisi Yeni Fuar Alanı havuz önüne çıkar. Akşam 17:05 servisi Yeni Fuar Alanı havuz önünden başlar.;FUAR İZMİR;ÜÇYOL METRO;06:00 - 23:20;06:45 - 00:00
1;102;ALPASLAN MAH. - HALKAPINAR METRO;MANAS BULV - ADLİYE;;ALPARSLAN MAH.;HALKAPINAR METRO;06:00 - 20:35;06:30 - 21:20
1;104;BUCA TOPLU KONUTLARI - KONAK;DOKUZ ÇEŞMELER - ŞİRİNYER - İKİÇEŞMELİK;HATTIMIZ RİNG HAT OLUP KONAKTAN SAAT UYGULAMASI YOKTUR.;BUCA TOPLU KONUTLARI;KONAK;05:50 - 22:52;
1;105;ÇAMLIKULE - KONAK;AKINCILAR MAH. - EŞREFPAŞA - İKİÇEŞMELİK;HATTIMIZ RİNG HAT OLUP KONAKTAN SAAT UYGULAMASI YOKTUR;ÇAMLIKULE;KONAK;06:00 - 23:20;
1;108;ESERKENT - ÜÇYOL METRO;UĞUR MUMCU-YEŞİLKAYA;;ESERKENT;ÜÇYOL METRO;06:00 - 21:40;06:30 - 22:10
1;111;NALDÖKEN - EVKA3 METRO;TÜRKAN ÖZİLHAN DEV.HAST. - 4.SANAYİ;;NALDÖKEN;EVKA3 METRO;06:00 - 00:00;06:20 - 00:35
1;114;EVKA 3 - EVKA3 METRO;PROFESORLER SİT. - CENGİZHAN CAD.;;EVKA 3;EVKA3 METRO;06:00 - 00:05;06:15 - 00:30
1;119;ALTINDAĞ - BORNOVA METRO;YEŞİLOVA - MERSİNLİ - E.Ü. HASTANESİ;;ALTINDAĞ;BORNOVA METRO;06:25 - 20:25;06:35 - 21:20
1;121;MAVİŞEHİR AKTARMA MERKEZİ - KONAK;KARŞIYAKA - ALTINYOL - TALATPAŞA;;MAVİŞEHİR AKTARMA MERKEZİ;KONAK;06:00 - 23:00;06:20 - 00:05
1;124;ALİ FUAT ERDEN - ÜÇYOL METRO;ESKİİZMİR CAD.-SAİM ÇIKRIKÇI CAD.-BOZYAKA EĞT.ARŞ.HAST.;;ALİ FUAT ERDEN;ÜÇYOL METRO;06:00 - 21:00;06:45 - 21:45
1;125;MUSTAFA KEMAL MAH - HALKAPINAR METRO2;ESİN SİT.  - CUMHURİYET MAH. - SALHANE YOLU;;MUSTAFA KEMAL MAH.;HALKAPINAR METRO 2;06:00 - 00:00;06:45 - 00:50
1;140;ÖRNEKKÖY - HALKAPINAR METRO2;DEDEBAŞI - BAYRAKLI - SALHANE YOLU;;ÖRNEKKÖY;HALKAPINAR METRO 2;06:00 - 23:10;06:30 - 23:45
1;147;POSTACI - HALKAPINAR METRO2;YENİ GİRNE - BAYRAKLI - SALHANE YOLU;;POSTACI;HALKAPINAR METRO 2;06:00 - 23:15;06:40 - 00:00
1;148;ONUR MAH. - HALKAPINAR METRO2;YENİ GİRNE - BAYRAKLI - SALHANE YOLU;;ONUR MAH.;HALKAPINAR METRO 2;06:00 - 23:20;06:42 - 00:00
1;152;GAZİEMİR - KONAK;KARABAĞLAR- ÜÇYOL -VARYANT;;GAZİEMİR;KONAK;06:00 - 00:00;06:00 - 00:00
1;154;ALTINDAĞ - HALKAPINAR METRO;MANİFATURACILAR SİT. - GAZİLER CAD. - 1. SANAYİ SİT.;;ALTINDAĞ;HALKAPINAR METRO;07:00 - 19:55;06:40 - 19:30
1;156;SAĞLIK OCAĞI - ÜÇYOL METRO;KARABAĞLAR - HALİDE EDİP ADIVAR BULV.;;SAĞLIK OCAĞI;ÜÇYOL METRO;06:00 - 22:30;06:45 - 23:05
1;157;AKTEPE MAHALLESİ - KONAK;PEKER MAHALLESİ - KARABAĞLAR -  VARYANT;;AKTEPE MAH.;KONAK;06:00 - 23:15;06:10 - 00:00
1;167;BALÇOVA KABRİSTAN - F.ALTAY AKTARMA MERKEZİ;ATA CAD.-MİTHATPAŞA CAD.;;BALÇOVA KABRİSTAN;F.ALTAY AKT.;06:00 - 18:50;06:20 - 19:15
1;168;EVKA 4 - HALKAPINAR METRO;ATATÜRK MAH. - OSMANGAZİ MAH.- ANKARA ASFALTI;;EVKA-4;HALKAPINAR METRO;05:55 - 00:05;06:35 - 00:50
1;171;TINAZTEPE - KONAK;BUCA KOOP. - AKINCILAR MAH. - EŞREFPAŞA;HATTIMIZ RİNG HAT OLUP KONAKTAN SAAT UYGULAMASI YOKTUR;TINAZTEPE;KONAK;05:50 - 23:00;
1;193;YURTOĞLU - KONAK;CENNETÇEŞME - BOZYAKA - EŞREFPAŞA;;YURTOĞLU;KONAK;06:00 - 23:15;06:45 - 00:00
1;202;CUMHURİYET MEYDANI - HAVALİMANI;MUSTAFA KEMAL SAHİL BULV.-F. ALTAY-ÇEVRE YOLU;;CUMHURİYET MEYDANI;HAVALİMANI;00:00 - 04:00;01:00 - 05:00
1;204;BORNOVA METRO - HAVALİMANI;OTOGAR-ÇEVRE YOLU-AKÇAY CAD.;;BORNOVA METRO;HAVALİMANI;05:40 - 04:40;05:40 - 03:40
1;214;EVKA3 METRO - KEMER;BORNOVA MERKEZ - MERSİNLİ - YENŞEHİR HASTANELER;;EVKA3 METRO;KEMER AKT.;06:20 - 19:00;07:10 - 20:00
1;224;CENNETÇEŞME - KONAK;ESKIIZMIR CAD. - BOZYAKA - EŞREFPAŞA;;CENNETÇEŞME;KONAK;05:30 - 23:10;06:27 - 00:00
1;233;ESBAŞ AKTARMA MERKEZİ - KONAK;BEYAZEVLER - AKINCILAR - EŞREFPAŞA;;ESBAŞ AKT;KONAK;06:00 - 23:05;06:10 - 00:00
1;234;BALLIKUYU-GÜMRÜK;Yeşildere Cd.-Eşrefpaşa Cd.-İkiçeşmelik;;BALLIKUYU;GÜMRÜK;06:10 - 18:10;06:55 - 18:55
1;240;ZÜBEYDE HANIM MAH. - HALKAPINAR METRO2;YENİ GİRNE - ALTINYOL;;ZÜBEYDE HANIM MAH.;HALKAPINAR METRO 2;06:00 - 23:10;06:40 - 00:00
1;249;EVKA 4 - KEMER;OSMANGAZİ - ADLİYE - YENİŞEHİR HASTANELER;;EVKA-4;KEMER AKT.;06:00 - 22:40;06:35 - 23:45
1;253;H.PINAR METRO 2 - KONAK;ALSANCAK-TALATPAŞA-CUMHURİYET BULV.;;HALKAPINAR METRO;KONAK;06:00 - 00:05;06:00 - 00:05
1;259;YEŞİLOVA MAHALLESİ - BORNOVA METRO;ABDİ İPEKÇİ CAD. - KARACAOĞLAN MAHALLESİ;HATTIMIZ RİNG HAT OLUP YEŞİLOVA MAHALLESİNDEN SAAT UYGULAMASI YOKTUR;YEŞİLOVA MAHALLESİ;BORNOVA METRO;;06:07 - 21:28
1;267;PINARBAŞI - BORNOVA METRO;5. SANAYİ SİT. - AYAKKABICILAR - IŞIKKENT;;PINARBAŞI;BORNOVA METRO;06:15 - 22:45;06:25 - 23:30
1;268;DOĞANLAR - BORNOVA METRO;MEVLANA MAH.;;DOĞANLAR;BORNOVA METRO;05:50 - 00:30;06:10 - 01:00
1;285;EVKA 1 - KONAK;ŞİRİNYER - EŞREFPAŞA - İKİÇEŞMELİK;HATTIMIZ RİNG HAT OLUP KONAKTAN SAAT UYGULAMASI YOKTUR;EVKA-1;KONAK;06:05 - 23:05;
1;290;BOSTANLI İSKELE - TINAZTEPE;KARŞIYAKA İSKELE-ALTINYOL-ANKARA CD.-ÇEVRE YOLU;;BOSTANLI;TINAZTEPE;06:15 - 22:30;06:15 - 22:30
1;302;OTOGAR - KONAK;KEMALPAŞA CAD. - YENİŞEHİR HASTANELER - GAZİ BULV.;;OTOGAR;KONAK;06:05 - 23:20;06:10 - 00:00
1;303;BUCA HEYKEL - KONAK;MENDERES CADDESİ-HOMEROS BULV. - KONAK TÜNELİ;;BUCA HEYKEL;KONAK;06:20 - 21:50;06:46 - 22:20
1;304;TINAZTEPE-KONAK;MENDERES CAD.- HOMEROS BULV. - KONAK TÜNELLERİ;;TINAZTEPE;KONAK;06:00 - 23:15;06:45 - 00:00
1;305;2. İNÖNÜ MAH. - F.ALTAY AKTARMA MERKEZİ;MİTHAT PAŞA CAD. - 9 EYLÜL HASTANESİ;;2.İNÖNÜ;F.ALTAY AKT.;06:00 - 22:30;06:30 - 23:00
1;311;İNCİRALTI - F.ALTAY;MİTHAT PAŞA CAD.;;İNCİRALTI;ESENTEPE;06:40 - 23:45;06:10 - 00:20
1;313;YENİ MEZARLIK - BORNOVA METRO;ESKİ MEZARLIK - GENÇLİK CAD.;;YENİ MEZARLIK;BORNOVA METRO;10:30 - 13:50;10:00 - 13:00
1;314;EVKA 3 - BORNOVA METRO;4. SANAYİ SİT. - TÜRKAN ÖZİLHAN DEVLET HASTANESİ - SUPHİ KOYUNCU LİSESİ;;EVKA 3;BORNOVA METRO;06:30 - 23:30;07:05 - 00:00
1;315;KARAÇAM - EVKA3 METRO;MANİSA YOLU;;KARAÇAM;EVKA3 METRO;06:10 - 19:00;06:35 - 18:30
1;316;BEŞYOL - EVKA3 METRO;YAKAKÖY - ÇİÇEKLİKÖY - SARNIÇKÖY;Hafta içi günleri hattımızın Beşyol Mahallesi kalkışlı 06.10 servisi Sarnıçköy Mahallesi'nden başlayacak olup, Evka3 Metro kalkışlı 19.25 servisi ise Sarnıçköy Mahallesi'nde son durak yapacaktır.;BEŞYOL;EVKA3 METRO;06:10 - 19:40;07:25 - 19:00
1;317;KAVAKLIDERE - EVKA3 METRO;YEŞİLÇAM - HACILARKIRI - TÜRKAN ÖZİLHAN DEVLET HASTANESİ;;KAVAKLIDERE;EVKA3 METRO;06:00 - 23:40;06:35 - 00:30
1;321;ÇAMLI - F. ALTAY AKTARMA MERKEZİ;YELKI - GÜZELBAHÇE - MITHATPAŞA;;ÇAMLI MAH.;F.ALTAY AKT.;06:00 - 21:10;06:25 - 21:40
1;328;EVKA 3 METRO - SALHANE AKTARMA MERKEZİ;BORNOVA HÜKÜMET KONAĞI-MANAVKUYU ;;EVKA3 METRO;SALHANE AKT.;06:00 - 23:30;06:35 - 00:00
1;330;BOSTANLI İSKELE - EVKA3 METRO;KARŞIYAKA İSKELE-BAYRAKLI-MANAVKUYU-BORNOVA;;BOSTANLI İSKELE;EVKA3 METRO;06:00 - 00:10;06:00 - 00:20
1;335;DOĞANÇAY - HALKAPINAR METRO 2;GÜMÜŞPALA-TURAN-SALHANE;;DOĞAN ÇAY MEYD;HALKAPINAR METRO 2;06:05 - 23:35;06:40 - 00:10
1;338;EVKA 3 METRO - SALHANE AKTARMA MERKEZİ;GEDİZ CAD. - YZB. İBRAHİM HAKKI CAD. - SMYRNA MEYDANI;;EVKA3 METRO;SALHANE AKT.;06:10 - 20:50;06:55 - 21:35
1;358;PINARBAŞI - BORNOVA METRO;PINARBAŞI - HURDACILAR SİTESİ - MEVLANA MAH.;;PINARBAŞI;BORNOVA METRO;06:35 - 18:45;07:25 - 19:45
1;364;GERİKAZANIMCILAR SİTESİ - HALKAPINAR METRO;KARA NAKLİYECİLER SİTESİ - OTOGAR - KAMİL TUNCA;;GERİKAZANIMCILAR SİTESİ;HALKAPINAR METRO;07:00 - 19:40;06:30 - 19:30
1;365;KAYADİBİ - EVKA3 METRO;HOMEROS VADİSİ - ÇAMİÇİ - EĞRİDERE;;KAYADİBİ;EVKA3 METRO;06:25 - 19:50;07:20 - 18:50
1;368;ÜMİT MAH. - BORNOVA METRO;MEVLANA MAH.;;ÜMİT MAH.;BORNOVA METRO;06:00 - 23:05;06:25 - 23:40
1;374;İZKENT - KONAK;ŞİRİNYER - EŞREFPAŞA - İKİÇEŞMELİK;HATTIMIZ RİNG HAT OLUP KONAKTAN SAAT UYGULAMASI YOKTUR;İZKENT;KONAK;06:05 - 23:15;
1;390;TINAZTEPE - BORNOVA METRO;OTOYOL;;TINAZTEPE;BORNOVA METRO;06:25 - 22:30;06:25 - 21:55
1;417;BUCA KOOP - KONAK;İZBAN KOŞU - KONAK TÜNEL;;BUCA KOOP;KONAK;06:00 - 19:03;06:35 - 19:53
1;418;ŞİRİNYER AKTARMA MERKEZİ - H.PINAR METRO;GÜRÇEŞME - YENİŞEHİR HASTANELER - 1. SANAYİ SİT.;;ŞİRİNYER AKT.;HALKAPINAR METRO;06:05 - 20:00;06:00 - 19:44
1;426;MUSTAFA KEMAL MAH - HALKAPINAR METRO2;İZMİR ÇEVRE YOLU  - YENİ GİRNE - SALHANE YOLU;;MUSTAFA KEMAL MAH;HALKAPINAR METRO2;06:15 - 18:35;07:00 - 19:20
1;434;KÖRFEZ MAHALLESI - HALKAPINAR METRO 2;ÇEVRE YOLU - ANADOLU CAD. - SALHANE YOLU;;KÖRFEZ EVLERİ;HALKAPINAR METRO 2;06:10 - 18:45;06:45 - 19:30
1;449;İZYUVA - EVKA3 METRO;SARAYKENT;;İZYUVA;EVKA3 METRO;06:00 - 00:15;06:25 - 00:40
1;465;TINAZTEPE - KONAK;AHMET YESEVİ CAD. - ENHOŞLAR-  EŞREFPAŞA;HATTIMIZ RİNG HAT OLUP KONAKTAN SAAT UYGULAMASI YOKTUR;TINAZTEPE;KONAK;06:00 - 22:55;
1;466;ŞİRİNYER AKTARMA MERKEZİ - KONAK;GÜRÇEŞME - GAZİLER CAD. - BASMANE;;ŞİRİNYER AKT.;KONAK;06:00 - 23:20;06:40 - 00:00
1;470;TINAZTEPE - LOZAN MEYDANI;EŞREFPAŞA - İKİÇEŞMELİK;;TINAZTEPE;LOZAN MEYDANI;06:00 - 00:00;06:00 - 00:20
1;471;TINAZTEPE - KONAK;Buca Seyfi Demirsoy Devlet Hastanesi-Şirinyer-Eşrefpaşa;HATTIMIZ RİNG HAT OLUP KONAKTAN SAAT UYGULAMASI YOKTUR.;TINAZTEPE;KONAK;06:00 - 23:00;
1;475;TINAZTEPE ÜNİVERSİTESİ - HALKAPINAR METRO;TELSİZLER-TOROZ CAD - BOĞAZİÇİ CAD;Hattımız Semt Pazarı'nın kurulduğu günlerde Samsun Caddesi güzergahını kullanmaktadır.;TINAZTEPE ÜNİVERSİTESİ;HALKAPINAR METRO;06:00 - 20:00;06:00 - 20:00
1;477;NAFİZ GÜRMAN - HALKAPINAR METRO2;GÜMÜŞPALA - NALDÖKEN - ALTINYOL;;NAFİZ GÜRMAN;HALKAPINAR METRO 2;06:05 - 23:10;06:44 - 00:00
1;480;İNCİRALTI - ÜÇKUYULAR İSKELE;BALÇOVA - ATA CAD.-F. ALTAY;;İNCİRALTI;ÜÇKUYULAR İSKELE;06:30 - 23:25;06:10 - 00:00
1;484;YEŞİLBAĞLAR - KONAK;INKILAP İSTASYON - AKINCILAR - EŞREFPAŞA;HATTIMIZ RİNG HAT OLUP KONAKTAN SAAT UYGULAMASI YOKTUR.;YEŞİLBAĞLAR;KONAK;06:00 - 23:25;
1;485;GAZİEMİR İLÇE TERMİNALİ - KONAK;GÖKSU - YEŞİLBAĞLAR - FIRAT;HATTIMIZ RİNG HAT OLUP KONAKTAN SAAT UYGULAMASI YOKTUR.;GAZİEMİR İLÇE TERMİNALİ;KONAK;06:20 - 20:05;
1;486;OYAK SİTESİ - İNCİRALTI;BAKÜ BULV.-ÜÇKUYULAR İSKELE;;OYAK SİTESİ;İNCİRALTI;06:35 - 23:00;06:35 - 23:30
1;490;TINAZTEPE - ÜÇYOL;DOKUZ ÇEŞMELER - ŞİRİNYER - HALİDE EDİP ADIVAR CAD.;;TINAZTEPE;ÜÇYOL METRO;06:00 - 00:00;06:00 - 00:00
1;498;EVKA 3 METRO - HALKAPINAR METRO;DUMLUPINAR CAD. - YZB İBRAHİM HAKKI CAD. - ADLİYE;;EVKA3 METRO;HALKAPINAR METRO;06:00 - 19:45;06:35 - 20:50
1;501;ÇİÇEK MAH. - HALKAPINAR METRO;MANAS BULV - ADLİYE - ÇINARLI EML.;;ÇİÇEK MAH.;HALKAPINAR METRO;06:00 - 21:10;06:25 - 21:50
1;502;CENGİZHAN - HALKAPINAR METRO;BAYRAKLI ŞEHİR HASTANESİ - MANAS BULV - ADLİYE - ÇINARLI EML.;;CENGİZHAN;HALKAPINAR METRO;05:50 - 23:50;06:15 - 00:50
1;503;BARIŞ KAHVESİ - HALKAPINAR METRO;ÇAY MAH - ADLİYE - ÇINARLI EML.;HAFTA İÇİ GÜNLERİ SABAH 06.50-07.10-07.30-07.50-08.10-08.30 SERVİSLERİ ÇAY MAHALLESİ SON DURAKTAN BAŞLAR.;BARIŞ KAHVESİ;HALKAPINAR METRO;06:00 - 08:38;07:04 - 08:15
1;504;FUAT EDİP BAKSI - HALKAPINAR METRO;MANAS BULV - ADLİYE - ÇINARLI EML.;;F.EDİP BAKSI;HALKAPINAR METRO;06:05 - 19:05;06:30 - 18:30
1;505;ÇAMKULE - BORNOVA METRO;ALTINDAĞ - OTOGAR - BORNOVA ANADOLU LİSESİ;;ÇAMKULE;BORNOVA METRO;06:00 - 23:20;06:35 - 00:00
1;508;MENDERES - KONAK;KARABAĞLAR-ÜÇYOL-VARYANT;;MENDERES;KONAK;05:40 - 23:00;06:20 - 00:00
1;510;GAZİEMİR - BALÇOVA;SERBEST BÖLGE - ÇEVRE YOLU-F.ALTAY;;GAZİEMİR;BALÇOVA;06:00 - 00:00;06:00 - 00:05
1;513;GAZİ MEYDANI - HALKAPINAR METRO;ÇAY MAH - ADLİYE - ÇINARLI EML.;;GAZİ MEYDANI;HALKAPINAR METRO;06:15 - 19:20;06:50 - 20:05
1;515;TINAZTEPE - EVKA3 METRO;MANAVKUYU-ADLİYE-YEŞİLDERE-MENDERES CAD.;;TINAZTEPE;EVKA3 METRO;06:00 - 00:05;06:00 - 00:05
1;517;UZUNDERE TOPLU KONUTLARI - F.ALTAY ;İHSAN ALYANAK BUL. - POLİGON METRO;;UZUNDERE TOPLU KONUTLARI;F.ALTAY;06:35 - 21:00;06:35 - 22:00
1;520;SALİH OMURTAK - ÜÇYOL METRO;ATATÜRK EĞT.ARŞ.HAST.- BASIN SİTESİ - KOOP EVLERİ;;SALİH OMURTAK;ÜÇYOL METRO;06:10 - 23:15;06:50 - 00:00
1;522;UZUNDERE TOPLU KONUTLARI - ÜÇYOL METRO;ESKİ İZMİR CAD. - BOZYAKA EĞT. ARŞ. HAST.;;UZUNDERE TOPLU KONUTLARI;ÜÇYOL METRO;06:35 - 17:35;07:30 - 18:30
1;523;UZUNDERE - ÜÇYOL METRO;İHSAN ALYANAK BUL. - ATATÜRK EĞİT. VE ARAŞ. HAST.;;UZUNDERE;ÜÇYOL METRO;06:00 - 23:25;06:40 - 00:00
1;524;CENNETÇEŞME - ÜÇYOL METRO;YURTOĞLU - İHSAN ALYANAK BULVARI-ATATÜRK EĞİTİM ARAŞTIRMA HASTANESİ;;CENNETÇEŞME;ÜÇYOL METRO;06:00 - 23:20;06:47 - 00:00
1;533;BAYRAKLI ŞEHİR HASTANESİ - BORNOVA METRO;ÇEVRE YOLU;HATTIMIZ RİNG HAT OLUP HASTANEDEN SAAT UYGULAMASI YOKTUR.;ŞEHİR HASTANESİ;BORNOVA METRO;;06:15 - 23:10
1;534;BAYRAKLI ŞEHİR HASTANESİ -  HALKAPINAR METRO;YÜZBAŞI İBRAHİM HAKKI CAD. SMYRNA MEYDANI;HATTIMIZ RİNG HAT OLUP HASTANEDEN SAAT UYGULAMASI YOKTUR.;BAYRAKLI ŞEHİR HASTANESI;HALKAPINAR METRO;;06:35 - 22:55
1;539;YENİTEPE EVLERİ - SALHANE AKTARMA MERKEZİ;YEŞİLDERE - MERSİNLİ - ADLİYE;;YENİTEPE EVLERİ;SALHANE AKTARMA MERKEZİ;07:30 - 16:20;08:30 - 17:30
1;543;BOSTANLI İSKELE - H.PINAR METRO;BAYRAKLI - ADLİYE - MERSİNLİ;;BOSTANLI İSKELE;HALKAPINAR METRO;06:05 - 00:05;06:10 - 00:05
1;550;GÜNALTAY - KONAK;ESERKENT-ZİNCİRLİKUYU-ÜÇYOL;;GÜNALTAY;KONAK;06:00 - 23:24;06:05 - 00:00
1;551;NARLIDERE - F.ALTAY;NARLİDERE İSTİHKAM - 9 EYLÜL HAST - SAKARYA CAD.;;NARLIDERE;F.ALTAY;06:00 - 20:00;06:55 - 21:00
1;555;OTOGAR - HALKAPINAR METRO;YEŞİLOVA - MERSİNLİ;;OTOGAR;HALKAPINAR METRO;06:00 - 00:10;06:43 - 00:50
1;556;ÇAMLIK - ÜÇYOL METRO;DOSTLUK BULVARI-ZİNCİRLİ KUYU - BOZYAKA EĞT.ARŞ.HAST.;;ÇAMLIK;ÜÇYOL METRO;06:00 - 23:20;06:50 - 00:00
1;558;BAYRAKLI TOPLU KONUTLARI - BORNOVA METRO EKSPRES;ÇEVRE YOLU-EGE ÜNİVERSİTESİ HASTANESİ;;BAYRAKLI TOPLU KONUTLARI;BORNOVA METRO;06:00 - 22:20;06:30 - 22:50
1;559;BAYRAKLI TOPLU KONUTLARI - EVKA3 METRO;Çevreyolu - Özkanlar - Bornova Hükümet Konağı;;BAYRAKLI TOPLU KONUTLARI;EVKA3 METRO;06:00 - 23:40;07:10 - 00:40
1;560;PINARBAŞI - HALKAPINAR METRO;5.SANAYİ - OTOGAR - KAMİL TUNCA;;PINARBAŞI;HALKAPINAR METRO;06:00 - 00:10;06:20 - 00:50
1;564;AYAKKABICILAR SİTESİ - HALKAPINAR METRO;IŞIKKENT - OTOGAR - KAMİL TUNCA;;AYAKKABICILAR SİTESİ;HALKAPINAR METRO;06:00 - 23:20;06:15 - 00:00
1;565;EVKA 4 - BORNOVA METRO;İNÖNÜ MAH. - HÜKÜMET KONAĞI;;EVKA-4;BORNOVA METRO;06:00 - 00:25;06:05 - 01:00
1;566;EVKA 4 - BORNOVA METRO;ERSOY CAD.- HÜKÜMET KONAĞI;Hattımız 06:00 - 09:00 saatleri arasında ring yapmaktadır.;EVKA-4;BORNOVA METRO;06:05 - 19:10;16:00 - 19:40
1;568;EVKA 4 - BORNOVA METRO;ATATÜRK MAH. - OSMANGAZİ - BORNOVA MERKEZ;;EVKA-4;BORNOVA METRO;05:55 - 00:10;06:40 - 01:00
1;570;LAKA MAHALLESİ - BORNOVA METRO;DUMLUPINAR CAD. - BORNOVA MERKEZ;;LAKA MAH.;BORNOVA METRO;06:10 - 17:55;06:40 - 18:40
1;575;MALİYECİLER MAHALLESİ - ÜÇYOL METRO;Atatürk Eğt. Arş. Hast. - Ordu Caddesi;;MALİYECİLER MAHALLESİ;ÜÇYOL METRO;06:00 - 19:30;06:45 - 20:15
1;577;NAFİZ GÜRMAN-HALKAPINAR METRO 2;NAFİZ GÜRMAN - KUBİLAY CAD. - HALKAPINAR METRO 2;;NAFİZ GÜRMAN;HALKAPINAR METRO 2;06:10 - 18:40;06:50 - 19:20
1;579;YEŞİLYURT - ÜÇYOL METRO;ATATÜRK EĞT.ARŞ.HAST.-ORDU CAD.;HATTIMIZ RİNG HAT OLUP ÜÇYOL METRO'DAN SAAT UYGULAMASI YOKTUR.;YEŞİLYURT;ÜÇYOL METRO;06:00 - 23:45;
1;584;İNÖNÜ MAH. - BORNOVA METRO;İNÖNÜ MAH. - ATATÜRK MAH.;;İNÖNÜ MAH.;BORNOVA METRO;06:35 - 18:50;07:05 - 19:25
1;585;EVKA 4 - BORNOVA METRO;ATATÜRK MAH. - HÜRRİYET CAD. - ERSOY CAD.;;EVKA-4;BORNOVA METRO;06:00 - 00:20;06:35 - 01:00
1;587;LİMONTEPE - KONAK;ESKİİZMİR CAD.-SAİM ÇIKRIKÇI CAD.-BOZYAKA EĞT.ARŞ.HAST.;;LİMONTEPE;KONAK;06:00 - 23:15;06:45 - 00:00
1;588;YENİ ÇAMLIK - KONAK;BARIŞ MAHALLESİ-BOZYAKA - KİLİMCİTEPE;;YENİ ÇAMLIK;KONAK;06:00 - 23:15;06:50 - 00:00
1;599;M.ERENER - HALKAPINAR METRO;BAYRAKLI ŞEHİR HASTANESİ - ÇAY MAH. - ADLİYE - ÇINARLI EML.;;M.ERENER;HALKAPINAR METRO;05:50 - 23:45;06:25 - 00:50
1;602;MENEMEN AKTARMA - İZMİR OTOGAR ;ANADOLU CD. - PARK BORNOVA  ;ESHOT otogar son durağını kullanmaktadır.;MENEMEN AKTARMA;İZMİR OTOGAR;05:25 - 23:35;06:40 - 01:00
1;608;EGEKENT 2 - İZMİR OTOGAR ;HARMANDALI - ANADOLU CD. - PARK BORNOVA ;;EGEKENT 2;İZMİR OTOGAR;05:40 - 22:35;06:50 - 00:10
1;650;FUAR İZMİR - BALÇOVA;ÇEVRE YOLU-F.ALTAY-ÜÇKUYULAR İSKELE;;FUAR İZMİR;BALÇOVA;08:05 - 18:10;07:30 - 16:15
1;660;YENİ FOÇA - İZMİR OTOGAR;KARAGÖZ CADDESİ-ANADOLU CADDESİ-ANKARA CADDESİ;;YENİ FOÇA;OTOGAR;05:00 - 22:40;06:45 - 00:20
1;662;CENGİZHAN - KEMER;ADLİYE - MERSİNLİ - YENİŞEHİR HASTANELER;;CENGİZHAN;KEMER AKT.;06:05 - 19:25;07:05 - 20:15
1;671;ŞİRİNYER AKTARMA MERKEZİ - F.ALTAY AKTARMA MERKEZİ;AKINCILAR MAH.- CENNETÇEŞME - ÇEVREYOLU;;ŞİRİNYER AKTARMA;F.ALTAY AKT.;06:00 - 00:00;06:00 - 00:00
1;675;SEFERİHİSAR - F.ALTAY AKT. MER. EKSPRES;ÇEVREYOLU;;SEFERİHİSAR;F.ALTAY AKTARMA MERKEZİ;06:05 - 21:05;05:55 - 21:05
1;680;BOZYAKA - LOZAN MEYDANI;EŞREFPAŞA-İKİÇEŞMELİK;BOZYAKA'DAN HAFTA İÇİ GÜNLERİ 06:01,06:20,06:41,07:00,07:20,07:41,08:00,08:20,08:35 SERVİSLERİ KARASELVİDEN BAŞLAMAKTADIR.;BOZYAKA;LOZAN MEYDANI;06:00 - 23:40;06:00 - 00:20
1;681;F.ALTAY - LOZAN MEYDANI;İNÖNÜ CAD.-ÜÇYOL-İKİÇEŞMELİK;;F.ALTAY AKT.;LOZAN MEYDANI;06:00 - 00:20;06:00 - 00:20
1;684;URLA - F.ALTAY AKT. MER. EKSPRES;URLA DEVLET HASTANESİ - ÇEVREYOLU;;URLA;F.ALTAY AKTARMA MERKEZİ;06:00 - 21:10;06:00 - 20:00
1;690;TINAZTEPE - F.ALTAY ;OTOYOL;;TINAZTEPE;F.ALTAY AKT.;07:00 - 23:20;06:15 - 22:30
1;691;GAZİEMİR - LOZAN MEYDAN;KARABAĞLAR - İKİÇEŞMELİK;;GAZİEMİR;LOZAN MEYDANI;06:00 - 00:00;06:00 - 00:20
1;699;M.ERENER - KEMER;BAYRAKLI ŞEHİR HASTANESİ - ÇAY MAH. - ADLİYE - YENİŞEHİR HASTANELER;;M.ERENER;KEMER AKT.;06:00 - 19:50;06:45 - 21:05
1;788;HAVUZBAŞI - BAYINDIR;ARIKBAŞI-ÇİFTÇİGEDİĞİ-KIZILCAOVA;;HAVUZBAŞI;BAYINDIR;06:10 - 17:30;07:25 - 18:45
1;800;MENEMEN AKTARMA - BORNOVA METRO;ANADOLU CD. - ANKARA CD. YANYOL - EGE ÜNİ.;;MENEMEN AKTARMA;BORNOVA METRO;05:00 - 00:00;06:00 - 01:15
1;811;ENGELLİLER MERKEZİ - MONTRÖ;MİTHATPAŞA CAD.-İNÖNÜ CAD.-MUSTAFA KEMAL SAHİL BULV.;;ENGELLİLER MERKEZİ;MONTRÖ;07:30 - 19:30;08:15 - 20:30
1;823;ÜÇYOL - GAZİEMİR SEMT GARAJI;BOZYAKA EĞT.ARŞ.HAST.-ESKİİZMİR CAD.-ÇEVRE YOLU;;ÜÇYOL METRO;GAZİEMİR SEMT GARAJI;06:45 - 22:00;06:00 - 21:00
1;838;ŞİRİNYER AKTARMA MERKEZİ - GÜMRÜK;GÜVEN MAH. -  GÜRÇEŞME CAD.-BASMANE;Hafta içi günleri Şirinyer Aktarma Merkezi'nden 07.30, 07.42, 07.54, 08.02 ve 08.16 servisleri Çamlık Cami Durağı'ndan başlar.;ŞİRİNYER AKT.;GÜMRÜK;06:00 - 23:20;06:35 - 00:00
1;873;YENİTEPE EVLERİ - FAHRETTİN ALTAY AKTARMA;YURTOĞLU- UZUNDERE REK. ALANI - ÇEVRE YOLU;;YENİTEPE EVLERİ;FAHRETTİN ALTAY AKT.;06:00 - 23:25;06:40 - 00:05
1;879;F.ALTAY - GAZİEMİR SEMT GARAJI;POLAT CAD.- DOSTLUK BULV.-AKTEPE;;F.ALTAY;GAZİEMİR SEMT GARAJI;06:00 - 00:30;06:00 - 00:30
1;883;İYTE - F.ALTAY AKT. MER. EKSPRES;EKSPRES HAT;;İYTE;F.ALTAY AKT.;07:45 - 21:05;06:35 - 19:55
1;887;SARNIÇ AKTARMA MERKEZİ - KONAK;AKÇAY CAD. - YEŞİLLİK CAD. - ÜÇYOL;;SARNIÇ AKT.;KONAK;06:05 - 23:15;06:15 - 00:00
1;909;ZEYTİNALANI - F. ALTAY AKTARMA MERKEZİ;NARLIDERE-9 EYLÜL HASTANESİ;;ZEYTİNALANI;F. ALTAY AKTARMA MERKEZİ;06:50 - 21:40;06:00 - 20:40
1;910;GAZİEMİR - KONAK;KARABAĞLAR-ÜÇYOL-VARYANT;;GAZİEMİR;KONAK;00:15 - 04:00;01:00 - 05:00
1;920;ÇİĞLİ - KONAK;ANADOLUCAD.-SERİNKUYU-GİRNE-ALTINYOL;;ÇİĞLİ MERKEZ;KONAK;00:00 - 04:00;01:00 - 05:00
1;930;BORNOVA - KONAK;Manavkuyu-Adliye-Alsancak;;BORNOVA;KONAK;00:25 - 05:35;01:00 - 05:00
1;940;BUCA - KONAK;BUCA DEVL. HASTANESI.-MENDERES CD.-EŞREFPAŞA-VARYANT-İKİÇEŞMELİK;;BUCA;KONAK;00:25 - 04:00;01:00 - 05:00
1;945;ESENTEPE - ÜÇKUYULAR İSKELE;MEHMETÇİK BULV.;;ESENTEPE;ÜÇKUYULAR İSKELE;06:00 - 23:30;06:30 - 00:00
1;949;ÇAMBEL - EVKA 3 METRO;ÇAMBEL TOPLU KONUTLAR - ANKARA CADDESİ;;ÇAMBEL;EVKA 3 METRO;06:00 - 18:54;06:00 - 19:00
1;950;NARLIDERE - KONAK;ATA CAD.-F.ALTAY-INÖNÜ CAD.;;NARLIDERE;KONAK;00:10 - 04:00;01:00 - 05:00
1;951;HALKAPINAR METRO2-KONAK;ALSANCAK GAR - LOZAN MEYDANI - KAHRAMANLAR;;HALKAPINAR METRO2;KONAK;06:05 - 19:30;06:55 - 20:30
1;963;EVKA 3 METRO - ALSANCAK GAR;BORNOVA MERKEZ - MANAVKUYU;;EVKA 3 METRO;ALSANCAK GAR;06:00 - 23:45;06:35 - 00:20
1;966;ULUCAK - EVKA3 METRO;Türkan Özilhan Dev. Hast.- 4. Sanayi - Adil Demir Sitesi;;ULUCAK;EVKA3 METRO;06:00 - 22:45;06:40 - 23:25
1;969;BALÇOVA - F.ALTAY AKTARMA MERKEZİ;EKONOMİ ÜNİVERSİTESİ-ATA CAD.;;BALÇOVA;F.ALTAY AKT.;05:50 - 00:35;06:05 - 01:05
1;971;NARBEL - F.ALTAY AKTARMA MERKEZİ;2. İNÖNÜ MAH.-9 EYLÜL HASTANESİ-MİTHATPAŞA CAD.;;NARBEL;F.ALTAY AKT.;05:55 - 00:30;06:30 - 01:05
1;975;SEFERİHİSAR - F.ALTAY AKTARMA;NARLIDERE-9 EYLÜL HASTANESİ;Hattımız İztaşıt Tarafından İşletilmektedir.;SEFERİHSAR;F.ALTAY AKTARMA;05:15 - 00:00;06:00 - 01:05
1;977;İZMİR DEMOKRASİ ÜNİVERSİTESİ - ÜÇKUYULAR İSKELE;F.ALTAY-ÇEVRE YOLU-UZUNDERE KAVŞAĞI;;DEMOKRASİ ÜNİVERSİTESİ;ÜÇKUYULAR İSKELE;07:30 - 19:00;06:50 - 18:20
1;981;BALIKLIOVA - F.ALTAY AKTARMA MERKEZİ;KARAPINAR-NARLIDERE-9 EYLÜL HASTANESİ;;BALIKLIOVA;F.ALTAY AKT.;06:20 - 23:30;06:40 - 23:30
1;982;İYTE - F.ALTAY AKTARMA MERKEZİ;İÇMELER-NARLIDERE;;İ.Y.T.E.;F.ALTAY AKT.;06:30 - 20:00;06:30 - 20:00
1;983;BADEMLER - F.ALTAY AKTARMA MERKEZİ;ÇAMLI - YELKİ - NARLIDERE;;BADEMLER;F.ALTAY AKT.;06:00 - 21:35;06:20 - 21:40
1;984;URLA - F.ALTAY AKTARMA MERKEZİ;URLA DEVLET HASTANESİ-URLA İSKELE-KALABAK-ZEYTINALANI;;URLA;F.ALTAY AKT.;06:10 - 00:00;06:10 - 00:00
1;985;SEFERİHİSAR - F.ALTAY AKTARMA MERKEZİ;ULAMIŞ-NARLIDERE-9 EYLÜL HASTANESİ ;Hattımız İztaşıt Tarafından işletilmektedir;SEFERİHİSAR;F.ALTAY AKTARMA;06:05 - 21:00;06:25 - 21:30
1;987;ÜRKMEZ - F. ALTAY AKTARMA MERKEZİ;GÜMÜLDÜR-SEFERİHİSAR-NARLIDERE-9 EYLÜL HASTANESİ;Hattımız İztaşıt Tarafından İşletilmektedir;ÜRKMEZ;F. ALTAY AKTARMA MERKEZİ;06:05 - 22:50;06:10 - 22:45
1;988;KEMALPAŞA - EVKA3 METRO;BELKAHVE - TÜRKAN ÖZİLHAN DEVLET HASTANESİ - 4. SANAYİ;MİLLİ EĞİTİM BAKANLIĞI'NA BAĞLI İLKÖĞRETİM VE ORTAÖĞRETİM KURUMLARINDA YAZ TATİLİNİN BAŞLAMASI SEBEBİYLE HATTIMIZ PAKMAYA ÜLKÜ HİZAL ANADOLU LISESINE HİZMET VERMEYECEKTİR.;KEMALPAŞA;EVKA3 METRO;06:00 - 23:00;06:00 - 23:45
2;34;ESENTEPE - GÜMRÜK;TOROS - Y.KEMER - BASMANE;;ESENTEPE;GÜMRÜK;06:00 - 23:25;06:40 - 00:00
2;36;ŞİRİNYER AKTARMA MERKEZİ - GÜMRÜK;YEŞİLDERE - KAPILAR - BASMANE;;ŞİRİNYER AKT.;GÜMRÜK;06:00 - 23:30;06:36 - 00:00
2;39;İSMETPAŞA MAH. - GÜMRÜK;ÇİMENLİ CAMİ - KEMER - BASMANE;;İSMETPAŞA;GÜMRÜK;06:00 - 22:00;06:25 - 22:30
2;41;LEVENT - GÜMRÜK;LEVENT - KEMER AKTARMA MERKEZİ - BASMANE;Levent'ten 06.00, ve 06.25, servisleri Toros Meydan Durağı'ndan başlar.;LEVENT;GÜMRÜK;06:00 - 08:05;06:25 - 08:30
2;42;ÇINARTEPE - GÜMRÜK;LEVENT - KEMER - BASMANE;;ÇINARTEPE;GÜMRÜK;06:00 - 23:27;06:35 - 00:00
2;46;ÇOBANÇEŞME - GÜMRÜK;LEVENT - KEMER - BASMANE;;ÇOBANÇEŞME;GÜMRÜK;06:00 - 23:30;06:35 - 00:00
2;49;TEPECİK EĞİTİM ARAŞTIRMA HASTANESİ - LOZAN MEYDANI;BASMANE GAR- GAZİLER CAD.- KEMER AKTARMA MERKEZİ;HATTIMIZ RİNG HAT OLUP TEPECİK EĞİTİM ARAŞTIRMA HASTANESİNDEN SAAT UYGULAMASI YOKTUR.;TEPECİK EĞİTİM ARAŞTIRMA HASTANESİ;LOZAN MEYDANI;;07:00 - 19:45
2;53;MTK ALTINDAĞ - HALKAPINAR METRO;ALTINDAĞ - KEMALPAŞA CAD. - 1. SANAYİ;;ALTINDAĞ;HALKAPINAR METRO;06:00 - 00:15;06:35 - 00:50
2;54;OTOGAR - KEMER AKTARMA MERKEZİ;YEŞİLOVA - MERSİNLİ - YENİŞEHİR HASTANELER;;OTOGAR;KEMER AKT.;06:00 - 19:22;06:51 - 20:13
2;57;ALTINDAĞ - KEMER AKTARMA MERKEZİ;ALTINDAĞ - YENİŞEHİR HASTANELER;;ALTINDAĞ;KEMER AKT.;06:05 - 19:40;06:40 - 19:00
2;58;KANDERE - KEMER AKTARMA MERKEZİ;YENİŞEHİR HASTANELER;;KANDERE;KEMER AKT.;06:10 - 19:10;06:35 - 19:45
2;59;BORNOVA METRO - KEMER AKTARMA MERKEZİ;KARACAOĞLAN MAH. - KAMİL TUNCA - YENİŞEHİR HASTANELER;;BORNOVA METRO;KEMER AKT.;06:00 - 00:00;06:00 - 00:00
2;60;PINARBAŞI - KEMER AKTARMA MERKEZİ;5. SANAYİ - KEMALPAŞA CAD. - YENİŞEHİR HASTANELER;;PINARBAŞI;KEMER AKT.;06:10 - 20:20;06:18 - 20:50
2;64;AYAKKABICILAR SİT. - KEMER AKTARMA MERKEZİ;IŞIKKENT - KEMALPAŞA CAD. - YENİŞEHİR HASTANELER;;AYAKKABICILAR SİTESİ;KEMER AKT.;06:00 - 20:00;06:22 - 20:25
2;72;İŞÇİEVLERİ - KONAK;ŞİRİNYER - EŞREFPAŞA - İKİÇEŞMELİK;HATTIMIZ RİNG HAT OLUP KONAKTAN SAAT UYGULAMASI YOKTUR;İŞÇİEVLERİ;KONAK;06:05 - 23:20;
2;74;YENİGÜN MAH. - ŞİRİNYER AKTARMA MERKEZİ;İNKILAP İST.- KOŞU YOLU;;YENİGÜN MAH.;ŞİRİNYER AKT.;06:00 - 23:15;06:45 - 00:00
2;77;NAFİZ GÜRMAN - HALKAPINAR METRO 2;GÜMÜŞPALA - EMEK MAH. - SALHANE YOLU;;NAFİZ GÜRMAN;HALKAPINAR METRO 2;06:00 - 23:20;06:45 - 00:05
2;78;YAMANLAR - HALKAPINAR METRO 2;SOĞUKKUYU - BAYRAKLI - SALHANE YOLU;;YAMANLAR;HALKAPINAR METRO 2;06:00 - 23:15;06:45 - 00:00
2;102;ALPASLAN MAH. - HALKAPINAR METRO;MANAS BULV - ADLİYE;;ALPARSLAN MAH.;HALKAPINAR METRO;06:00 - 20:35;06:30 - 21:20
2;104;BUCA TOPLU KONUTLARI - KONAK;DOKUZ ÇEŞMELER - ŞİRİNYER - İKİÇEŞMELİK;HATTIMIZ RİNG HAT OLUP KONAKTAN SAAT UYGULAMASI YOKTUR.;BUCA TOPLU KONUTLARI;KONAK;05:50 - 22:52;
2;105;ÇAMLIKULE - KONAK;AKINCILAR MAH. - EŞREFPAŞA - İKİÇEŞMELİK;HATTIMIZ RİNG HAT OLUP KONAKTAN SAAT UYGULAMASI YOKTUR;ÇAMLIKULE;KONAK;06:00 - 23:20;
2;117;KAVAKLIDERE - KEMER AKTARMA MERKEZİ;5.SANAYİ SİTESİ- ALTINDAĞ - YENİŞEHİR HASTANELER;;KAVAKLIDERE;KEMER AKT.;06:20 - 20:05;06:20 - 21:10
2;121;MAVİŞEHİR AKTARMA MERKEZİ - KONAK;KARŞIYAKA - ALTINYOL - TALATPAŞA;;MAVİŞEHİR AKTARMA MERKEZİ;KONAK;06:00 - 23:00;06:20 - 00:05
2;123;ŞİRİNEVLER - ÇİĞLİ AKTARMA MERKEZİ;EGEKENT DEVLET HASTANESİ;;ŞİRİNEVLER;ÇİĞLİ AKT.;06:00 - 20:35;06:20 - 21:05
2;125;MUSTAFA KEMAL MAH - HALKAPINAR METRO2;ESİN SİT.  - CUMHURİYET MAH. - SALHANE YOLU;;MUSTAFA KEMAL MAH.;HALKAPINAR METRO 2;06:00 - 00:00;06:45 - 00:50
2;126;CUMHURİYET MAH. - KARŞIYAKA;SERİNKUYU - GİRNE;;CUMHURİYET MAH.;KARŞIYAKA İSKELE;06:00 - 23:30;06:40 - 00:00
2;128;EGEKENT 2 - EGEKENT AKTARMA ;30 AĞUSTOS MAH. - ÇANAKKALE ASFALTI;;EGEKENT 2;EGEKENT AKTARMA;05:55 - 00:20;06:25 - 00:55
2;135;DOĞANÇAY - KARŞIYAKA;KUBİLAY CAD. - SOĞUKKUYU - GİRNE;;DOĞANÇAY;KARŞIYAKA İSKELE;06:00 - 23:20;06:40 - 00:00
2;136;ÖRNEKKÖY - KARŞIYAKA;ZÜBEYDE HANIM MAH. - DEDEBAŞI - GİRNE;06:00-13:00 saatleri arası Karşıyaka?dan 13:00-17:30 saatleri arası Örnekköy?den yapılan servislerde mezarlığa uğramaktadır.;ÖRNEKKÖY;KARŞIYAKA İSKELE;06:10 - 23:15;06:35 - 00:00
2;137;YAMANLAR - KARŞIYAKA;SOĞUKKUYU-GİRNE;;YAMANLAR;KARŞIYAKA İSKELE;06:05 - 23:20;06:25 - 00:00
2;140;ÖRNEKKÖY - HALKAPINAR METRO2;DEDEBAŞI - BAYRAKLI - SALHANE YOLU;;ÖRNEKKÖY;HALKAPINAR METRO 2;06:00 - 23:10;06:30 - 23:45
2;147;POSTACI - HALKAPINAR METRO2;YENİ GİRNE - BAYRAKLI - SALHANE YOLU;;POSTACI;HALKAPINAR METRO 2;06:00 - 23:15;06:40 - 00:00
2;148;ONUR MAH. - HALKAPINAR METRO2;YENİ GİRNE - BAYRAKLI - SALHANE YOLU;;ONUR MAH.;HALKAPINAR METRO 2;06:00 - 23:20;06:42 - 00:00
2;149;KAKLIÇ - ÇİĞLİ AKTARMA MERKEZİ;ESKİ HAVAALANI CADDESİ;;KAKLIÇ;ÇİĞLİ AKT.;06:00 - 23:30;06:40 - 00:15
2;152;GAZİEMİR - KONAK;KARABAĞLAR- ÜÇYOL -VARYANT;;GAZİEMİR;KONAK;06:00 - 00:00;06:00 - 00:00
2;153;ÇAMKULE - KEMER AKTARMA MERKEZİ;MANİFATURACILAR SİT. - YENİŞEHİR HASTANELER;;ÇAMKULE;KEMER AKT.;06:00 - 22:55;06:30 - 23:20
2;154;ALTINDAĞ - HALKAPINAR METRO;MANİFATURACILAR SİT. - GAZİLER CAD. - 1. SANAYİ SİT.;;ALTINDAĞ;HALKAPINAR METRO;07:00 - 19:55;06:40 - 19:30
2;168;EVKA 4 - HALKAPINAR METRO;ATATÜRK MAH. - OSMANGAZİ MAH.- ANKARA ASFALTI;;EVKA-4;HALKAPINAR METRO;05:55 - 00:05;06:35 - 00:50
2;171;TINAZTEPE - KONAK;BUCA KOOP. - AKINCILAR MAH. - EŞREFPAŞA;HATTIMIZ RİNG HAT OLUP KONAKTAN SAAT UYGULAMASI YOKTUR;TINAZTEPE;KONAK;05:50 - 23:00;
2;196;NAFİZ GÜRMAN - KARŞIYAKA İSKELE;GÜMÜŞPALA - NALDÖKEN -TERSHANE;;NAFİZ GÜRMAN;KARŞIYAKA İSKELE;06:10 - 23:30;06:40 - 00:00
2;197;NAFİZ GÜRMAN - KARŞIYAKA;GÜMÜŞPALA - GİRNE;;NAFİZ GÜRMAN;KARŞIYAKA İSKELE;06:00 - 23:20;06:35 - 00:00
2;200;MAVİŞEHİR AKTARMA MERKEZİ - HAVALİMANI;KARŞIYAKA - YEŞİLDERE - GAZİEMİR;;MAVİŞEHİR AKT.;HAVALİMANI;00:20 - 04:20;05:20 - 03:20
2;202;CUMHURİYET MEYDANI - HAVALİMANI;MUSTAFA KEMAL SAHİL BULV.-F. ALTAY-ÇEVRE YOLU;;CUMHURİYET MEYDANI;HAVALİMANI;00:00 - 04:00;01:00 - 05:00
2;204;BORNOVA METRO - HAVALİMANI;OTOGAR-ÇEVRE YOLU-AKÇAY CAD.;;BORNOVA METRO;HAVALİMANI;05:40 - 04:40;05:40 - 03:40
2;206;ŞİRİNYER AKTARMA MERKEZİ - HAVALİMANI;;;ŞİRINYER AKTARMA MERKEZİ;HAVALİMANI;00:30 - 04:30;05:30 - 03:30
2;214;EVKA3 METRO - KEMER;BORNOVA MERKEZ - MERSİNLİ - YENŞEHİR HASTANELER;;EVKA3 METRO;KEMER AKT.;06:20 - 19:00;07:10 - 20:00
2;221;ŞEMİKLER - BOSTANLI İSKELE;BESTEKAR YUSUF NALKESEN SK.-ŞEHİTLER BULV.-BOSTANLI MAH.;;ŞEMİKLER;BOSTANLI İSKELE;06:00 - 21:10;06:35 - 22:00
2;222;ŞEMİKLER - KARŞIYAKA İSKELE;ANADOLU CAD. - GİRNE;;ŞEMİKLER;KARŞIYAKA ISKELE;06:10 - 23:30;06:45 - 00:00
2;229;YAKAKENT MAHALLESİ - BOSTANLI İSKELE;ÇİĞLİ - ATAKENT;Olumsuz Hava Koşulları'nda Çamlıkent Meydan, Çamlıkent Çıkış ve Çamlıkent duraklarına hizmet verilemeyecektir.;YAKAKENT MAHALLESİ;BOSTANLI İSKELE;06:00 - 23:45;06:45 - 00:30
2;233;ESBAŞ AKTARMA MERKEZİ - KONAK;BEYAZEVLER - AKINCILAR - EŞREFPAŞA;;ESBAŞ AKT;KONAK;06:00 - 23:05;06:10 - 00:00
2;240;ZÜBEYDE HANIM MAH. - HALKAPINAR METRO2;YENİ GİRNE - ALTINYOL;;ZÜBEYDE HANIM MAH.;HALKAPINAR METRO 2;06:00 - 23:10;06:40 - 00:00
2;247;EVKA 6 - ÇİĞLİ AKTARMA MERKEZİ;AYDINLIK EVLER MAH.;;EVKA-6;ÇİĞLİ AKT.;06:00 - 23:30;06:30 - 00:00
2;249;EVKA 4 - KEMER;OSMANGAZİ - ADLİYE - YENİŞEHİR HASTANELER;;EVKA-4;KEMER AKT.;06:00 - 22:40;06:35 - 23:45
2;253;H.PINAR METRO 2 - KONAK;ALSANCAK-TALATPAŞA-CUMHURİYET BULV.;;HALKAPINAR METRO;KONAK;06:00 - 00:05;06:00 - 00:05
2;258;ONUR MAH. - KARŞIYAKA;POSTACI MAH. - GİRNE;;ONUR MAH.;KARŞIYAKA İSKELE;06:05 - 23:25;06:45 - 00:00
2;285;EVKA 1 - KONAK;ŞİRİNYER - EŞREFPAŞA - İKİÇEŞMELİK;HATTIMIZ RİNG HAT OLUP KONAKTAN SAAT UYGULAMASI YOKTUR;EVKA-1;KONAK;06:05 - 23:05;
2;290;BOSTANLI İSKELE - TINAZTEPE;KARŞIYAKA İSKELE-ALTINYOL-ANKARA CD.-ÇEVRE YOLU;;BOSTANLI;TINAZTEPE;06:15 - 22:30;06:15 - 22:30
2;295;HARMANDALI - EGEKENT AKTARMA MERKEZİ;Cumhuriyet Mah. - Uğur Mumcu Mah. - Çanakkale Asfaltı;;HARMANDALI;EGEKENT AKT.;06:00 - 00:30;06:30 - 00:55
2;303;BUCA HEYKEL - KONAK;MENDERES CADDESİ-HOMEROS BULV. - KONAK TÜNELİ;;BUCA HEYKEL;KONAK;06:20 - 21:50;06:46 - 22:20
2;304;TINAZTEPE-KONAK;MENDERES CAD.- HOMEROS BULV. - KONAK TÜNELLERİ;;TINAZTEPE;KONAK;06:00 - 23:15;06:45 - 00:00
2;326;MUSTAFA KEMAL MAH. - KARŞIYAKA;İNÖNÜ MAH. - CUMHURİYET MAH. -  GİRNE;;MUSTAFA KEMAL MAH.;KARŞIYAKA İSKELE;06:05 - 23:15;06:50 - 00:00
2;328;EVKA 3 METRO - SALHANE AKTARMA MERKEZİ;BORNOVA HÜKÜMET KONAĞI-MANAVKUYU ;;EVKA3 METRO;SALHANE AKT.;06:00 - 23:30;06:35 - 00:00
2;329;GÜZELTEPE - ÇİĞLİ AKTARMA MERKEZİ;ÇİĞLİ KOOP - ŞİRİNTEPE;;GÜZELTEPE;ÇİĞLİ AKT.;06:00 - 23:30;06:25 - 00:00
2;330;BOSTANLI İSKELE - EVKA3 METRO;KARŞIYAKA İSKELE-BAYRAKLI-MANAVKUYU-BORNOVA;;BOSTANLI İSKELE;EVKA3 METRO;06:00 - 00:10;06:00 - 00:20
2;335;DOĞANÇAY - HALKAPINAR METRO 2;GÜMÜŞPALA-TURAN-SALHANE;;DOĞAN ÇAY MEYD;HALKAPINAR METRO 2;06:05 - 23:35;06:40 - 00:10
2;338;EVKA 3 METRO - SALHANE AKTARMA MERKEZİ;GEDİZ CAD. - YZB. İBRAHİM HAKKI CAD. - SMYRNA MEYDANI;;EVKA3 METRO;SALHANE AKT.;06:10 - 20:50;06:55 - 21:35
2;342;EGEKENT - ÇİĞLİ AKTARMA MERKEZİ;İZKENT MAH.;;EGEKENT;ÇİĞLİ AKT.;06:05 - 00:00;06:35 - 00:25
2;344;EVKA 2 - ÇİĞLİ AKTARMA MERKEZİ;ÇİĞLİ EMNİYET MÜD.;;EVKA-2;ÇİĞLİ AKT.;06:00 - 23:45;06:30 - 00:20
2;346;EVKA 5 - EGEKENT AKTARMA MERKEZİ;ESENTEPE MAH.;Olumsuz hava koşullarında Doğan, Gezer, Zirve ve İzkent Son Durak durakları kullanılmayacaktır.;EVKA-5;EGEKENT AKT.;06:00 - 00:29;06:35 - 00:55
2;353;GAZİEMİR - TINAZTEPE;ÖNDER CAD. - BEYAZ EVLER MAH. - GAZETECİ YAZAR İSMAİL SİVRİ BULV.;;GAZİEMİR;TINAZTEPE;06:00 - 00:00;06:00 - 00:00
2;359;R.ŞEVKET İNCE MAH. - SALHANE AKTARMA MERKEZİ;2140 SK.-ÇAY MAH.-SMYRNA MEYDANI;;R.ŞEVKET İNCE MAH.;SALHANE AKT.;06:50 - 18:55;07:20 - 19:25
2;361;BAHRİYE ÜÇOK - KARŞIYAKA İSKELE;GİRNE - CEMAL GÜRSEL CAD.;;BAHRİYE ÜÇOK;KARŞIYAKA ISKELE;06:00 - 23:40;06:25 - 00:05
2;364;GERİKAZANIMCILAR SİTESİ - HALKAPINAR METRO;KARA NAKLİYECİLER SİTESİ - OTOGAR - KAMİL TUNCA;;GERİKAZANIMCILAR SİTESİ;HALKAPINAR METRO;07:00 - 19:40;06:30 - 19:30
2;367;ÜMİT MAH. - KEMER AKTARMA MERKEZİ;ÜMIT MH.-DOĞANLAR MH.-MEVLANA MH.-YENIŞEHIR HASTANELER;;ÜMİT MAH.;KEMER AKT.;06:50 - 17:15;07:45 - 18:30
2;374;İZKENT - KONAK;ŞİRİNYER - EŞREFPAŞA - İKİÇEŞMELİK;HATTIMIZ RİNG HAT OLUP KONAKTAN SAAT UYGULAMASI YOKTUR;İZKENT;KONAK;06:05 - 23:15;
2;417;BUCA KOOP - KONAK;İZBAN KOŞU - KONAK TÜNEL;;BUCA KOOP;KONAK;06:00 - 19:03;06:35 - 19:53
2;418;ŞİRİNYER AKTARMA MERKEZİ - H.PINAR METRO;GÜRÇEŞME - YENİŞEHİR HASTANELER - 1. SANAYİ SİT.;;ŞİRİNYER AKT.;HALKAPINAR METRO;06:05 - 20:00;06:00 - 19:44
2;426;MUSTAFA KEMAL MAH - HALKAPINAR METRO2;İZMİR ÇEVRE YOLU  - YENİ GİRNE - SALHANE YOLU;;MUSTAFA KEMAL MAH;HALKAPINAR METRO2;06:15 - 18:35;07:00 - 19:20
2;428;EGEKENT 2 - BOSTANLI İSKELE;ULUKENT - ÇİĞLİ - ATAKENT;Körüklü Araçlar Ulukent İlköğretim Okulu, Ulucak Cami, Ulukent Meydan, Ulukent Çıkış, Celalettin Akar Duraklarına Uğramamaktadır.;EGEKENT-2;BOSTANLI İSKELE;06:00 - 23:10;06:50 - 00:00
2;429;GÜZELTEPE - BOSTANLI İSKELE;ÇİĞLİ - ŞİRİNTEPE - ATAKENT;;GÜZELTEPE;BOSTANLI İSKELE;06:05 - 23:30;06:40 - 00:10
2;430;YAKAKENT MAHALLESİ - BOSTANLI İSKELE;YÜKSEK VADİ EVLERİ - ESİN SİT.-GİRNE;Olumsuz Hava Koşulları'nda Çamlıkent Meydan, Çamlıkent Çıkış ve Çamlıkent duraklarına hizmet verilemeyecektir. ;YAKAKENT MAHALLESİ;BOSTANLI İSKELE;06:15 - 19:30;06:15 - 20:35
2;434;KÖRFEZ MAHALLESI - HALKAPINAR METRO 2;ÇEVRE YOLU - ANADOLU CAD. - SALHANE YOLU;;KÖRFEZ EVLERİ;HALKAPINAR METRO 2;06:10 - 18:45;06:45 - 19:30
2;435;KÖRFEZ MAHALLESI - BOSTANLI İSKELE;ÇEVRE YOLU - GİRNE;;KÖRFEZ EVLERİ;BOSTANLI İSKELE;06:00 - 23:30;06:30 - 00:10
2;441;ÇINARTEPE - ŞİRİNYER AKTARMA MERKEZİ;ESENTEPE - YIKIKKEMER;;ÇINARTEPE;ŞİRİNYER AKT.;06:20 - 21:40;07:00 - 22:20
2;443;EGEKENT - BOSTANLI İSKELE;İZKENT MAH.-ÇİĞLİ - ATAKENT;;EGEKENT;BOSTANLI İSKELE;06:00 - 23:20;06:45 - 00:10
2;446;EVKA 5 - BOSTANLI İSKELE;ESENTEPE - ÇİĞLİ - ATAKENT;Olumsuz hava koşullarında Doğan, Gezer, Zirve ve İzkent Son Durak durakları kullanılmayacaktır.;EVKA-5;BOSTANLI İSKELE;06:05 - 23:15;06:50 - 00:00
2;465;TINAZTEPE - KONAK;AHMET YESEVİ CAD. - ENHOŞLAR-  EŞREFPAŞA;HATTIMIZ RİNG HAT OLUP KONAKTAN SAAT UYGULAMASI YOKTUR;TINAZTEPE;KONAK;06:00 - 22:55;
2;466;ŞİRİNYER AKTARMA MERKEZİ - KONAK;GÜRÇEŞME - GAZİLER CAD. - BASMANE;;ŞİRİNYER AKT.;KONAK;06:00 - 23:20;06:40 - 00:00
2;470;TINAZTEPE - LOZAN MEYDANI;EŞREFPAŞA - İKİÇEŞMELİK;;TINAZTEPE;LOZAN MEYDANI;06:00 - 00:00;06:00 - 00:20
2;471;TINAZTEPE - KONAK;Buca Seyfi Demirsoy Devlet Hastanesi-Şirinyer-Eşrefpaşa;HATTIMIZ RİNG HAT OLUP KONAKTAN SAAT UYGULAMASI YOKTUR.;TINAZTEPE;KONAK;06:00 - 23:00;
2;475;TINAZTEPE ÜNİVERSİTESİ - HALKAPINAR METRO;TELSİZLER-TOROZ CAD - BOĞAZİÇİ CAD;Hattımız Semt Pazarı'nın kurulduğu günlerde Samsun Caddesi güzergahını kullanmaktadır.;TINAZTEPE ÜNİVERSİTESİ;HALKAPINAR METRO;06:00 - 20:00;06:00 - 20:00
2;476;TINAZTEPE - ŞİRİNYER AKTARMA MERKEZİ;KURUÇEŞME - BUCA KOOP - MENDERES CAD.;;TINAZTEPE;ŞİRİNYER AKT.;05:40 - 23:30;06:20 - 00:45
2;477;NAFİZ GÜRMAN - HALKAPINAR METRO2;GÜMÜŞPALA - NALDÖKEN - ALTINYOL;;NAFİZ GÜRMAN;HALKAPINAR METRO 2;06:05 - 23:10;06:44 - 00:00
2;484;YEŞİLBAĞLAR - KONAK;INKILAP İSTASYON - AKINCILAR - EŞREFPAŞA;HATTIMIZ RİNG HAT OLUP KONAKTAN SAAT UYGULAMASI YOKTUR.;YEŞİLBAĞLAR;KONAK;06:00 - 23:25;
2;485;GAZİEMİR İLÇE TERMİNALİ - KONAK;GÖKSU - YEŞİLBAĞLAR - FIRAT;HATTIMIZ RİNG HAT OLUP KONAKTAN SAAT UYGULAMASI YOKTUR.;GAZİEMİR İLÇE TERMİNALİ;KONAK;06:20 - 20:05;
2;487;DEMİRKÖPRÜ - KARŞIYAKA;GÜNSAZAK BULV. - GİRNE;;DEMİRKÖPRÜ;KARŞIYAKA İSKELE;06:15 - 23:15;06:50 - 00:00
2;490;TINAZTEPE - ÜÇYOL;DOKUZ ÇEŞMELER - ŞİRİNYER - HALİDE EDİP ADIVAR CAD.;;TINAZTEPE;ÜÇYOL METRO;06:00 - 00:00;06:00 - 00:00
2;491;EVKA 7 - ESBAŞ AKTARMA MERKEZİ;IRMAK MAH.-GAZİEMİR İLÇE MERKEZİ-SARNIÇ;;EVKA 7;SARNIÇ AKTARMA MERKEZİ;06:00 - 20:40;06:55 - 19:35
2;498;EVKA 3 METRO - HALKAPINAR METRO;DUMLUPINAR CAD. - YZB İBRAHİM HAKKI CAD. - ADLİYE;;EVKA3 METRO;HALKAPINAR METRO;06:00 - 19:45;06:35 - 20:50
2;501;ÇİÇEK MAH. - HALKAPINAR METRO;MANAS BULV - ADLİYE - ÇINARLI EML.;;ÇİÇEK MAH.;HALKAPINAR METRO;06:00 - 21:10;06:25 - 21:50
2;502;CENGİZHAN - HALKAPINAR METRO;BAYRAKLI ŞEHİR HASTANESİ - MANAS BULV - ADLİYE - ÇINARLI EML.;;CENGİZHAN;HALKAPINAR METRO;05:50 - 23:50;06:15 - 00:50
2;503;BARIŞ KAHVESİ - HALKAPINAR METRO;ÇAY MAH - ADLİYE - ÇINARLI EML.;HAFTA İÇİ GÜNLERİ SABAH 06.50-07.10-07.30-07.50-08.10-08.30 SERVİSLERİ ÇAY MAHALLESİ SON DURAKTAN BAŞLAR.;BARIŞ KAHVESİ;HALKAPINAR METRO;06:00 - 08:38;07:04 - 08:15
2;504;FUAT EDİP BAKSI - HALKAPINAR METRO;MANAS BULV - ADLİYE - ÇINARLI EML.;;F.EDİP BAKSI;HALKAPINAR METRO;06:05 - 19:05;06:30 - 18:30
2;508;MENDERES - KONAK;KARABAĞLAR-ÜÇYOL-VARYANT;;MENDERES;KONAK;05:40 - 23:00;06:20 - 00:00
2;510;GAZİEMİR - BALÇOVA;SERBEST BÖLGE - ÇEVRE YOLU-F.ALTAY;;GAZİEMİR;BALÇOVA;06:00 - 00:00;06:00 - 00:05
2;513;GAZİ MEYDANI - HALKAPINAR METRO;ÇAY MAH - ADLİYE - ÇINARLI EML.;;GAZİ MEYDANI;HALKAPINAR METRO;06:15 - 19:20;06:50 - 20:05
2;515;TINAZTEPE - EVKA3 METRO;MANAVKUYU-ADLİYE-YEŞİLDERE-MENDERES CAD.;;TINAZTEPE;EVKA3 METRO;06:00 - 00:05;06:00 - 00:05
2;516;YENİTEPE EVLERİ - GAZİEMİR SEMT GARAJI;UZUNDERE - AKTEPE;;YENİTEPE EVLERİ;GAZİEMİR SEMT GARAJI;06:35 - 22:30;06:35 - 23:20
2;529;YAKAKENT MAHALLESİ - ÇİĞLİ AKTARMA MERKEZİ;ŞİRİNTEPE - ÇİĞLİ KOOP.;Olumsuz Hava Koşulları'nda Yakakent Son Durak, Çamlıkent Meydan, Çamlıkent Çıkış , Çamlıkent duraklarına hizmet verilemeyecektir.;YAKAKENT MAHALLESİ;ÇİĞLİ AKTARMA MERKEZİ;06:00 - 23:50;06:35 - 00:20
2;532;BAYRAKLI ŞEHİR HASTANESİ - BOSTANLI İSKELE;GİRNE BULVARI;HATTIMIZ RİNG HAT OLUP HASTANEDEN SAAT UYGULAMASI YOKTUR.;ŞEHİR HASTANESİ;BOSTANLI İSKELE;;06:35 - 00:00
2;534;BAYRAKLI ŞEHİR HASTANESİ -  HALKAPINAR METRO;YÜZBAŞI İBRAHİM HAKKI CAD. SMYRNA MEYDANI;HATTIMIZ RİNG HAT OLUP HASTANEDEN SAAT UYGULAMASI YOKTUR.;BAYRAKLI ŞEHİR HASTANESI;HALKAPINAR METRO;;06:35 - 22:55
2;535;BAYRAKLI ŞEHİR HASTANESİ - EGEKENT AKTARMA MERKEZİ;Anadolu Caddesi - Yeni Girne Caddesi;HATTIMIZ RİNG HAT OLUP BAYRAKLI ŞEHİR HASTANESİNDEN SAAT UYGULAMASI YOKTUR;BAYRAKLI ŞEHİR HASTANESİ;EGEKENT AKTARMA MERKEZİ;;06:35 - 22:10
2;537;BAYRAKLI ŞEHİR HASTANESİ-DOĞANÇAY ;Yamanlar - Org. Nafiz Gürman - Emek - Gümüşpala - Körfez;;BAYRAKLI ŞEHİR HASTANESİ;DOĞANÇAY;;06:45 - 18:45
2;539;YENİTEPE EVLERİ - SALHANE AKTARMA MERKEZİ;YEŞİLDERE - MERSİNLİ - ADLİYE;;YENİTEPE EVLERİ;SALHANE AKTARMA MERKEZİ;07:30 - 16:20;08:30 - 17:30
2;543;BOSTANLI İSKELE - H.PINAR METRO;BAYRAKLI - ADLİYE - MERSİNLİ;;BOSTANLI İSKELE;HALKAPINAR METRO;06:05 - 00:05;06:10 - 00:05
2;547;ÇİĞLİ AKTARMA MERKEZİ - BOSTANLI İSKELE;ATAŞEHİR MAH.-CAHER DUDAYEV BULV.-ŞEHİTLER BULV;;ÇİĞLİ AKT.;BOSTANLI İSKELE;06:05 - 23:20;06:45 - 00:00
2;555;OTOGAR - HALKAPINAR METRO;YEŞİLOVA - MERSİNLİ;;OTOGAR;HALKAPINAR METRO;06:00 - 00:10;06:43 - 00:50
2;557;BAYRAKLI TOPLU KONUTLAR - BAYRAKLI İZBAN ;CENGİZHAN - ALPASLAN;HATTIMIZ RİNG HAT OLUP BAYRAKLI İZBANDAN SAAT UYGULAMASI YOKTUR.;BAYRAKLI TOPLU KONUTLAR;BAYRAKLI İZBAN;06:20 - 20:20;
2;560;PINARBAŞI - HALKAPINAR METRO;5.SANAYİ - OTOGAR - KAMİL TUNCA;;PINARBAŞI;HALKAPINAR METRO;06:00 - 00:10;06:20 - 00:50
2;564;AYAKKABICILAR SİTESİ - HALKAPINAR METRO;IŞIKKENT - OTOGAR - KAMİL TUNCA;;AYAKKABICILAR SİTESİ;HALKAPINAR METRO;06:00 - 23:20;06:15 - 00:00
2;577;NAFİZ GÜRMAN-HALKAPINAR METRO 2;NAFİZ GÜRMAN - KUBİLAY CAD. - HALKAPINAR METRO 2;;NAFİZ GÜRMAN;HALKAPINAR METRO 2;06:10 - 18:40;06:50 - 19:20
2;595;9 EYLÜL MAHALLESI - BOSTANLI İSKELE;KATİP ÇELEBİ ÜNİVERSİTESİ - ATAŞEHİR - ATAKENT;;9 EYLÜL MAH.;BOSTANLI İSKELE;06:20 - 23:00;06:35 - 00:00
2;596;KATIP ÇELEBI ÜNIVERSITESI - EGEKENT AKTARMA MERKEZİ;KATİP ÇELEBİ ÜNİVERSİTESİ;;KATİP ÇELEBİ ÜNİVERSİTESİ;EGEKENT AKT.;07:45 - 15:15;07:30 - 15:00
2;597;M. ERENER - BAYRAKLI SEVGİ YOLU ;ÇAY MAHALLESİ;HAFTA İÇİ GÜNLERİ BAYRAKLI SEVGİ YOLUNDAN 16.00 SERVİSİ ADLİYEDEN BAŞLAR.;M. ERENER;BAYRAKLI SEVGİ YOLU;16:40 - 19:10;16:00 - 19:30
2;598;BAYRAKLI TOPLU KONUTLARI - BAYRAKLI İZBAN;CENGİZHAN - BAYRAKLI SEVGİ YOLU;HATTIMIZ RİNG HAT OLUP BAYRAKLI İZBANDAN SAAT UYGULAMASI YOKTUR.;BAYRAKLI TOPLU KONUTLARI;BAYRAKLI İZBAN;06:00 - 22:30;
2;599;M.ERENER - HALKAPINAR METRO;BAYRAKLI ŞEHİR HASTANESİ - ÇAY MAH. - ADLİYE - ÇINARLI EML.;;M.ERENER;HALKAPINAR METRO;05:50 - 23:45;06:25 - 00:50
2;602;MENEMEN AKTARMA - İZMİR OTOGAR ;ANADOLU CD. - PARK BORNOVA  ;ESHOT otogar son durağını kullanmaktadır.;MENEMEN AKTARMA;İZMİR OTOGAR;05:25 - 23:35;06:40 - 01:00
2;608;EGEKENT 2 - İZMİR OTOGAR ;HARMANDALI - ANADOLU CD. - PARK BORNOVA ;;EGEKENT 2;İZMİR OTOGAR;05:40 - 22:35;06:50 - 00:10
2;610;FUAR İZMİR - GAZİEMİR SEMT GARAJI;AKTEPE - AKÇAY CAD.;Hafta içi günleri 06.45 servisi Esbaş Aktarma Merkezi'nden başlar.;FUAR İZMİR;GAZİEMİR SEMT GARAJI;07:05 - 23:10;06:45 - 22:55
2;619;SEYREK - ULUKENT AKTARMA MERKEZİ 2 ;BAKIRÇAY ÜNİVERSİTESİ - GÜNERLİ MAH.;;SEYREK;ULUKENT AKTARMA MERKEZİ;05:55 - 23:30;06:20 - 23:50
2;648;GAZİ MAHALLESİ - MENEMEN AKTARMA MERKEZİ;GÖÇ İDARESİ-İNCİRLİ PINAR MAH.-MENEMEN DEV. HAST.;;GAZİ MAHALLESİ;MENEMEN AKTARMA MERKEZİ;06:00 - 19:40;07:00 - 21:00
2;657;MALTEPE - MENEMEN AKTARMA MERKEZİ;VİLLAKENT-VİLLAKENT ANADOLU LİSESİ-KESİK;;MALTEPE;MENEMEN AKTARMA MERKEZİ;06:30 - 19:25;06:30 - 19:25
2;658;TOKİ - MENEMEN AKTARMA MERKEZİ;ASARLIK TOKİ EVLERİ-80. YIL CADDESİ-MENEMEN DEVLET HASTANESİ;;TOKİ;MENEMEN AKTARMA MERKEZİ;05:50 - 23:25;06:30 - 00:15
2;660;YENİ FOÇA - İZMİR OTOGAR;KARAGÖZ CADDESİ-ANADOLU CADDESİ-ANKARA CADDESİ;;YENİ FOÇA;OTOGAR;05:00 - 22:40;06:45 - 00:20
2;662;CENGİZHAN - KEMER;ADLİYE - MERSİNLİ - YENİŞEHİR HASTANELER;;CENGİZHAN;KEMER AKT.;06:05 - 19:25;07:05 - 20:15
2;671;ŞİRİNYER AKTARMA MERKEZİ - F.ALTAY AKTARMA MERKEZİ;AKINCILAR MAH.- CENNETÇEŞME - ÇEVREYOLU;;ŞİRİNYER AKTARMA;F.ALTAY AKT.;06:00 - 00:00;06:00 - 00:00
2;676;TINAZTEPE - ŞİRİNYER AKTARMA MERKEZİ;KURUÇEŞME -YILDIZ MAH.- MENDERES CAD;;TINAZTEPE;ŞİRİNYER AKT.;06:00 - 23:00;06:40 - 00:00
2;691;GAZİEMİR - LOZAN MEYDAN;KARABAĞLAR - İKİÇEŞMELİK;;GAZİEMİR;LOZAN MEYDANI;06:00 - 00:00;06:00 - 00:20
2;692;KARAKUYU - PANCAR AKTARMA;GÖL SOKAK;;KARAKUYU;PANCAR AKTARMA;06:35 - 18:50;07:05 - 19:15
2;695;ULUKENT KOOP - EGEKENT AKTARMA MERKEZİ;ULUKENT AKTARMA - 7617 SK. - 9501 SK.;;ULUKENT KOOP;EGEKENT AKTARMA MERKEZİ;06:00 - 23:00;06:30 - 23:30
2;697;BEYDAĞ - İZMİR OTOGAR;KAYMAKÇI-OPTİMUM ALIŞVERİŞ MERKEZİ;Hattımız İztaşıt Tarafından işletilmektedir. ESHOT otogar son durağını kullanmaktadır.;BEYDAĞ;İZMİR OTOGAR;07:15 - 11:30;11:15 - 17:00
2;698;ASARLIK TOPLU KONUTLARI - ULUKENT AKTARMA MERKEZİ 1;KOYUNDERE;;ASARLIK TOPLU KONUTLARI;ULUKENT AKTARMA MERKEZİ;05:50 - 23:20;06:25 - 00:00
2;699;M.ERENER - KEMER;BAYRAKLI ŞEHİR HASTANESİ - ÇAY MAH. - ADLİYE - YENİŞEHİR HASTANELER;;M.ERENER;KEMER AKT.;06:00 - 19:50;06:45 - 21:05
2;701;TORBALI - TEKELİ;TEPEKÖY AKT. - KUŞÇUBURUN - AYRANCILAR - PANCAR;;TORBALI;TEKELİ;05:25 - 22:25;06:20 - 00:00
2;705;AYRANCILAR - SARNIÇ AKTARMA MERKEZİ;AYRANCILAR - YEŞİLKÖY;;AYRANCILAR;SARNIÇ AKT.;05:35 - 00:10;05:50 - 00:10
2;707;PANCAR AKTARMA MERKEZİ - MENDERES;Y.BULGURCA - OĞLANANASI - KISIKKÖY - CUMAOVASI AKT.;;PANCAR;MENDERES;05:40 - 21:30;05:50 - 22:20
2;709;DEMİRCİ - PANCAR AKTARMA MERKEZİ;YOĞURTÇULAR - AYRANCILAR;;DEMİRCİ;PANCAR;06:10 - 18:15;06:50 - 18:50
2;710;YAZIBAŞI - KUŞÇUBURUN AKTARMA MERKEZİ;KUŞÇUBURUN;;YAZIBAŞI;KUŞÇUBURUN AKTARMA;06:35 - 21:00;07:10 - 21:20
2;712;PANCAR AKTARMA - TORBALI;AYRANCILAR - BAHÇELİEVLER TOKİ - KUŞÇUBURUN;;PANCAR AKTARMA;ÇAYBAŞI;05:40 - 23:20;06:00 - 23:10
2;713;DEÜ MESLEK YÜKSEK OKULU - TORBALI;DEVLET HASTANESİ-TEPEKÖY AKT-ÇAYBAŞI;;DEÜ MESLEK YÜKSEK OKULU;TORBALI;06:55 - 23:20;06:00 - 22:40
2;714;DEÜ MESLEK YÜKSEK OKULU - TORBALI AKTARMA MERKEZİ;Devlet hastanesi - Tepeköy Aktarma - Haluk Alpsü Bulvarı;;DEÜ MESLEK YÜKSEK OKULU;TORBALI;07:15 - 00:00;06:15 - 23:10
2;715;DEÜ MESLEK YÜKSEK OKULU - TORBALI AKTARMA MERKEZİ;DEVLET HAS.-ATATÜRK MH.-TEPEKÖY AKT.;;DEÜ MESLEK YÜKSEK OKULU;TORBALI AKTARMA MERKEZİ;06:55 - 19:45;06:55 - 19:45
2;719;ÇAPAK - TORBALI;TEPEKÖY AKTARMA - ÇAYBAŞI;;ÇAPAK;TORBALI;06:20 - 18:30;07:00 - 19:20
2;721;KARAKUYU - TORBALI;FİDANLIK - KEMALPAŞA YOLU;;KARAKUYU;ÇAYBAŞI;06:30 - 21:50;05:50 - 21:00
2;722;YAZIBAŞI - TORBALI;KUŞÇUBURUN;;YAZIBAŞI;ÇAYBAŞI;06:35 - 22:30;06:35 - 21:35
2;724;ŞEHİTLER - TORBALI AKTARMA MERKEZİ;EĞERCİLER -ÇAYBAŞI;;ŞEHİTLER;TORBALI AKTARMA;06:35 - 22:45;05:55 - 22:00
2;727;BAYINDIR - TORBALI AKTARMA MERKEZİ;CANLI - ÇIRPI - HASKÖY - YENİKÖY;;BAYINDIR;TORBALI AKTARMA;05:00 - 00:00;06:00 - 01:00
2;728;KISIK SANAYİ - SARNIÇ AKTARMA MERKEZİ;ORMAN SAHASI - BELEDİYE GARAJI-SAĞLIK OCAĞI;;KISIK SANAYİ;SARNIÇ AKT.;06:57 - 19:35;06:20 - 20:10
2;729;ATAKÖY - CUMAOVASI AKTARMA MERKEZİ;ÇAMÖNÜ-DEĞİRMENDERE-ÇİLEME;;ATAKÖY;CUMAOVASI AKT.;05:50 - 22:05;06:10 - 22:00
2;741;YAMANLAR KÖYÜ - KARŞIYAKA;YENİ GİRNE - GİRNE;;YAMANLAR KÖYÜ;KARŞIYAKA İSKELE;06:50 - 16:40;07:30 - 17:35
2;742;SANCAKLI KÖYÜ - KARŞIYAKA;DOĞANÇAY - KUBİLAY CAD. - GİRNE;;SANCAKLI KÖYÜ;KARŞIYAKA İSKELE;06:50 - 16:40;07:30 - 17:35
2;743;TİRE - SELÇUK;Selçuk Cad. - Tire Yolu - Belevi;;TİRE;SELÇUK;06:40 - 19:30;07:15 - 19:00
2;744;FOÇA - HATUNDERE AKTARMA MERKEZİ;BAĞARASI;İLÇE PAZARININ OLDUĞU SALI GÜNLERİ  GİDİŞ  DEĞİRMENLİK CADDESİ , HACI LİMANI KÜME EVLERİ SOKAK - MEVCUT GÜZERGAHIN DEVAMI  DÖNÜŞ  MEVCUT GÜZERGAHI TAKİBEN , HACI LİMANI KÜME EVLERİ SOKAK , DEĞİRMENLİK CADDESİ ,1. SOKAK , DEĞİRMENLİK CADDESİ   Hizmet verecek  şekilde yeniden düzenlenmiştir. Hattımız Aktarma Merkezinden Kalkışlarda İZBAN Geliş saatlerine göre hareket ettiğinden planlanan hareket saatlerinde gecikmeler yaşanabilmektedir.;FOÇA;HATUNDERE AKT.;05:45 - 23:55;06:40 - 01:15
2;745;YENİ FOÇA - BİÇEROVA AKTARMA MERKEZİ;CUMHURİYET MAH.;Çarşamba günleri Pazar kurulması nedeniyle Oruç Reis, Doğan Çingil ve Osmangazi duraklarımız kullanım dışı kalmaktadır. Hattımız Aktarma Merkezinden Kalkışlarda İZBAN Geliş saatlerine göre hareket ettiğinden planlanan hareket saatlerinde gecikmeler yaşanabilmektedir.;YENİFOÇA;BİÇEROVA AKT.;05:55 - 00:00;06:40 - 00:50
2;746;ÇAKMAKLI - BİÇEROVA AKTARMA MERKEZİ;Sanayi yolu;;ÇAKMAKLI;BİÇEROVA AKTARMA MERKEZİ;06:25 - 18:50;07:05 - 19:30
2;747;EMİRALEM - MENEMEN AKTARMA MERKEZİ;KIR MAHALLE - MENEMEN DEVLET HASTANESİ;;EMİRALEM;MENEMEN AKTARMA MERKEZİ;06:00 - 21:00;06:40 - 21:40
2;748;ULUKENT AKTARMA MERKEZİ 1- MENEMEN AKTARMA MERKEZİ ;KOYUNDERE - ASARLIK - MENEMEN DEVLET HASTANESİ;;ULUKENT AKTARMA MERKEZİ;MENEMEN AKTARMA MERKEZİ;06:00 - 23:30;06:00 - 00:00
2;749;ULUKENT AKTARMA MERKEZİ 1 - MENEMEN AKTARMA MERKEZİ;ÇANAKKALE YOLU;;ULUKENT AKTARMA MERKEZİ;MENEMEN AKTARMA MERKEZİ;06:05 - 22:00;06:05 - 23:15
2;750;YENİ FOÇA - ULUKENT AKTARMA MERKEZİ 2;MALTEPE - SEYREK;;YENİ FOÇA;ULUKENT AKTARMA MERKEZİ;05:50 - 00:10;06:05 - 00:10
2;751;SASALI - ÇİĞLİ AKTARMA MERKEZİ;ESKİ HAVAALANI CAD.;Hafta içi günlerinde Çiğliden 06:44 Sasalı'dan 07:30 yapan araç ile Çiğliden 16:30 Sasalı'dan 17:15 yapan araçlar Tuzlaya uğrar. Akşam Çiğli'den 19:45 ve Sasalı'dan 19:40 servislerinden sonra Doğal Yaşam Parkına girmez.;SASALI;ÇİĞLİ AKT.;06:00 - 23:25;06:25 - 00:00
2;752;BURUNCUK - HATUNDERE AKTARMA MERKEZİ;TURKELLİ - HELVACI ? HATUNDERE;;BURUNCUK;HATUNDERE AKTARMA MERKEZİ;06:00 - 22:40;06:30 - 23:05
2;753;GÖKTEPE - MENEMEN AKTARMA MERKEZİ;EMİRALEM;;GÖKTEPE;MENEMEN AKTARMA MERKEZİ;06:30 - 18:00;07:10 - 18:50
2;754;BOZALAN - MENEMEN AKTARMA MERKEZİ;TELEKLER - SÜLEYMANLI ? EMİRALEM;;BOZALAN;MENEMEN AKTARMA MERKEZİ;06:35 - 19:00;07:35 - 18:05
2;755;SÜLEYMANLI - MENEMEN AKTARMA MERKEZİ;GÖRECE - BELEN - HAYKIRAN ? HASANLAR;;SÜLEYMANLI;MENEMEN AKTARMA MERKEZİ;06:00 - 20:15;06:45 - 21:00
2;756;KOZBEYLİ - MENEMEN AKTARMA ;YENIKÖY-GERENKÖY-MALTEPE;;KOZBEYLİ;MENEMEN AKTARMA;05:55 - 21:10;06:00 - 21:10
2;757;MALTEPE - ULUKENT AKTARMA MERKEZİ 2;SEYREK - VİLLAKENT;HAFTA İÇİ GÜNLERİ ULUKENT AKTARMA MERKEZİNDEN 08:20 SERVİSİ VİLLAKENT ANADOLU LİSESİNDE SON DURAK YAPAR. MALTEPE'DEN 16:05 VE 16:08 SERVİSLERİ VİLLAKENT ANADOLU LİSESİNDEN BAŞLAR.;MALTEPE;ULUKENT AKTARMA MERKEZİ;05:50 - 23:45;06:25 - 00:40
2;758;ÇUKURKÖY - MENEMEN AKTARMA MERKEZİ;BELEN- DOĞAKÖY- YANIKKÖY;;ÇUKURKÖY;MENEMEN AKTARMA MERKEZİ;06:35 - 18:30;07:35 - 17:35
2;759;KARAORMAN - MENEMEN AKTARMA MERKEZİ;ÇALTI ALANİÇİ-AYVACIK;;KARAORMAN;MENEMEN AKTARMA MERKEZİ;06:30 - 17:25;07:30 - 18:30
2;763;DÜVERLİK - TORBALI;Çamlıca Mezarlık-Taştepe;;DÜVERLİK;TORBALI;06:35 - 19:35;07:25 - 18:25
2;770;SELÇUK - TORBALI AKTARMA MERKEZİ;ÇAYBAŞI - PAMUKYAZI - SAĞLIK;Pazar günleri Pazar kurulması nedeniyle hattımız Belevi Durağı'ndan dönüş yapmaktadır.;SELÇUK;TORBALI AKTARMA;06:45 - 22:00;05:55 - 20:50
2;775;ÖZDERE - CUMAOVASI AKTARMA MERKEZİ;ORTAMAHALLE - AHMETBEYLİ-MENDERES;;ÖZDERE;CUMAOVASI AKT.;05:50 - 00:00;06:10 - 00:00
2;776;DOĞANBEY - CUMAOVASI AKTARMA MERKEZİ;ÜRKMEZ-GÜMÜLDÜR;;DOĞANBEY;CUMAOVASI AKT.;05:50 - 00:00;06:00 - 00:00
2;780;BÜLBÜLDERE - TORBALI AKTARMA MERKEZİ;GÖLLÜCE-ATALAN;;BÜLBÜLDERE;TORBALI AKTARMA;07:00 - 18:25;08:00 - 17:30
2;781;TULUMKÖY - TORBALI AKTARMA MERKEZİ;NAİME-SUBAŞI-PAMUKYAZI;;TULUMKÖY;TORBALI AKTARMA;06:35 - 18:55;07:10 - 19:40
2;782;TAŞKESİK - TORBALI AKTARMA MERKEZİ;ASLANLAR - ŞEHİTLER-EĞERCİ;;TAŞKESİK;TORBALI AKTARMA;06:40 - 19:40;05:50 - 18:40
2;783;BELEVİ - TORBALI;SAĞLIK;;BELEVİ;TORBALI;05:55 - 19:25;07:05 - 18:10
2;784;DOĞANCILAR - TORBALI;DAĞKIZILCA-ÇAKIRBEYLİ-SAİPLER;;DOĞANCILAR;ÇAYBAŞI;06:45 - 19:50;06:00 - 18:35
2;785;DAĞTEKKE - TORBALI;HELVACI-ORMANKÖY-DİRMİL-KARAKUYU;;DAĞTEKKE;ÇAYBAŞI;06:25 - 19:30;07:30 - 18:30
2;786;KARAOT - TORBALI;KARAKIZLAR - DÜVERLİK - ÇAMLICA;;KARAOT;ÇAYBAŞI;06:35 - 19:30;07:35 - 18:30
2;789;EFEMÇUKURU - CUMAOVASI AKTARMA MERKEZİ;ÇATALCA-AKÇAKÖY;;EFEMÇUKURU;CUMAOVASI AKT.;06:35 - 20:45;07:40 - 19:30
2;792;GÖLOVA - CUMAOVASI AKTARMA MERKEZİ;ÇAKALTEPE-KARAKUYU-ÇİLEME;;GÖLOVA;CUMAOVASI AKT.;06:25 - 16:00;08:05 - 17:35
2;794;KÜNER - CUMAOVASI AKTARMA MERKEZİ;KAYMAKAMLIK - MENDERES PAZAR YERİ;;KÜNER;CUMAOVASI AKTARMA MERKEZİ;06:00 - 18:40;06:30 - 19:10
2;795;ÖDEMİŞ-TORBALI;BAYINDIR-CANLI-ARIKBAŞI;;ÖDEMİŞ;ÇAYBAŞI;05:30 - 21:50;05:55 - 23:30
2;798;TİRE-TORBALI AKTARMA MERKEZİ;YENİÇİFTLİK-SUBAŞI-ÇAYBAŞI;"Hafta içi günlerde; Tire'den 08:30, 11:45 ve 14:45 servisleri, Torbalı'dan 09:15, 13:20 ve 16:05 servisleri Tire Organize Sanayi Bölgesine uğrar.";TİRE;TORBALI AKTARMA;05:40 - 22:10;06:00 - 23:30
2;799;ÇATALCA - CUMAOVASI AKTARMA;AKÇAKÖY - MENDERES BELEDİYESİ;;ÇATALCA;CUMAOVASI AKTARMA;06:35 - 18:50;07:15 - 19:45
2;800;MENEMEN AKTARMA - BORNOVA METRO;ANADOLU CD. - ANKARA CD. YANYOL - EGE ÜNİ.;;MENEMEN AKTARMA;BORNOVA METRO;05:00 - 00:00;06:00 - 01:15
2;804;DEREKÖY - CUMAOVASI AKTARMA MERKEZI;MENDERES BELEDİYESİ - MENDERES PAZARYERİ;;DEREKÖY;CUMAOVASI AKT.;05:25 - 23:10;06:00 - 23:45
2;805;ÇAMLIKULE - ŞİRİNYER AKTARMA MERKEZİ;ÇAMLIPINAR - ÜÇKUYULAR MEYDAN - MENDERES CAD.;;ÇAMLIKULE;ŞİRİNYER AKT.;06:00 - 23:45;06:40 - 00:30
2;806;KİRAZ - OTOGAR;Kiraz Terminal-Kaymakçı-Optimum Alışveriş Merkezi;Hattımız İztaşıt Tarafından işletilmektedir. ESHOT otogar son durağını kullanmaktadır.;KİRAZ;OTOGAR;06:15 - 10:30;12:15 - 17:30
2;808;CUMAOVASI AKTARMA MERKEZİ - ESBAŞ AKTARMA MERKEZİ;GÖRECE;;CUMAOVASI AKT.;ESBAŞ AKT;05:25 - 01:00;06:00 - 00:15
2;810;ATATÜRK MAHALLESİ - EGEKENT AKTARMA MERKEZİ;EVKA 5;Olumsuz hava koşullarında Doğan, Gezer, Zirve ve İzkent Son Durak durakları kullanılmayacaktır.;ATATÜRK MAH.;EGEKENT AKT.;06:00 - 18:55;06:25 - 19:20
2;814;MENDERES - CUMAOVASI AKTARMA MERKEZİ;GAZİPAŞA MAHALLESİ;;MENDERES;CUMAOVASI AKT.;05:50 - 18:30;06:40 - 19:15
2;816;ÇİĞLİ BÖLGE EĞİTİM HASTANESİ - EGEKENT AKTARMA MERKEZİ;ÇİĞLİ BÖLGE EĞİTİM HASTANESİ-EGEKENT MAH.-İZKENT MAH.-ESENTEPE MAH.;Olumsuz hava koşullarında Doğan, Gezer, Zirve ve İzkent Son Durak durakları kullanılmayacaktır.;ÇİĞLİ BÖLGE EĞİTİM HASTANESİ;EGEKENT AKTARMA MERKEZİ;06:00 - 19:05;06:40 - 18:05
2;817;EGEKENT AKTARMA MERKEZİ - ÇİĞLİ AKTARMA MERKEZİ;KATİP ÇELEBİ ÜNİVERSİTESİ - BALATÇIK MAH. - ÇİĞLİ BÖLGE EĞİTİM HASTANESİ;Eğitim Öğretimin uygulandığı Hafta içi günlerinde Egekent Aktarma Merkezi ve Çiğli Aktarma Merkezinden 07:30 - 09:00 ve 14:40 - 16:00 saatleri arasında Tekel Ortaokuluna uğrar. ;EGEKENT AKT.;ÇİĞLİ AKT.;06:15 - 23:05;06:20 - 23:25
2;818;ESBAŞ AKTARMA MERKEZİ - ŞİRİNYER AKTARMA MERKEZİ;BEYAZEVLER-GAZETECİ YAZAR İSMAİL SİVRİ BULV.-FORBES;;ESBAŞ AKT;ŞİRİNYER AKT.;06:00 - 00:00;06:00 - 00:00
2;820;HARMANDALI - BOSTANLI İSKELE;Cumhuriyet Mah. - Uğur Mumcu Mah. - Çiğli - Atakent;;HARMANDALI;BOSTANLI İSKELE;06:05 - 23:20;06:15 - 00:10
2;821;MAVİŞEHİR AKTARMA MERKEZİ - BOSTANLI İSKELE;MAVİŞEHİR MAH.-ATAKENT MAH.-HASAN ALİ YÜCEL BUV.;;MAVİŞEHİR AKT.;BOSTANLI İSKELE;06:00 - 23:30;06:25 - 00:05
2;823;ÜÇYOL - GAZİEMİR SEMT GARAJI;BOZYAKA EĞT.ARŞ.HAST.-ESKİİZMİR CAD.-ÇEVRE YOLU;;ÜÇYOL METRO;GAZİEMİR SEMT GARAJI;06:45 - 22:00;06:00 - 21:00
2;826;GAZİ MAHALLESI - ULUKENT AKTARMA MERKEZİ 1;EGEKENT 2 İSTASYON;;GAZİ MAHALLESI;ULUKENT AKTARMA MERKEZİ;06:00 - 00:10;06:35 - 00:55
2;827;ULUKENT AKTARMA MERKEZİ - BOSTANLI İSKELE;ULUKENT KOP. - ÇİĞLİ - ATAKENT;;ULUKENT AKT.;BOSTANLI İSKELE;06:00 - 23:35;06:53 - 00:30
2;828;SARNIÇ - YENİ ÇAMLIK;GAZİEMİR- AKÇAY CAD.- SERBEST BÖLGE;;SARNIÇ;YENİ ÇAMLIK;06:00 - 22:45;06:00 - 00:00
2;829;ÜRKMEZ-CUMAOVASI AKTARMA;KUYUCAK - YENİKÖY - DEREKÖY;;ÜRKMEZ;CUMAOVASI AKTARMA;06:00 - 21:00;06:20 - 22:30
2;834;YENİ MAHALLE - ALİAĞA AKTARMA MERKEZİ;PAZAR YERİ - ALİAĞA DEVLET HAST. - İLÇE MERKEZİ;;YENİ MAHALLE;ALİAĞA AKTARMA MERKEZİ;06:00 - 19:50;06:45 - 20:30
2;835;BERGAMA - ALİAĞA AKTARMA MERKEZİ;KURFALLI-YENİ ŞAKRAN-ÇALTIDERE;Bergama İlçe Pazarının Olduğu Çarşamba Günleri Dönüş- Mevcut Güzergahı Takiben, Adnan Menderes Bulvarı, Kavşaktan Dönüş, Adnan Menderes Bulvarı, Fabrika Caddesi, Bergama Yeni Sondurak Gidiş- Bergama Yeni Sondurak, Fabrika Caddesi, Adnan Menderes Bulvarı, Mevcut Güzergahı Devamı Hizmet Verecek Şekilde Yeniden Düzenlenmiştir. Hattımız Aktarma Merkezinden Kalkışlarda İZBAN Geliş saatlerine göre hareket ettiğinden planlanan hareket saatlerinde gecikmeler yaşanabilmektedir.;BERGAMA;ALİAĞA;05:40 - 22:40;06:00 - 23:40
2;837;DİKİLİ-ALİAĞA AKTARMA MERKEZİ;ÇANDARLI-YENİ ŞAKRAN-ÇALTIDERE;HAFTAİÇİ DİKİLİ'DEN 05:30 - 06:35 - 07:20 - 08:05 - 08:45 - 12:40 - 15:20- 16:00 - 16:45 -  19:20'DE, ALİAĞA'DAN 06:45 - 07:10 -  08:23 - 12:23 - 13:40 - 15:11 -  16:23  - 17:40 - 18:23- 19:11 - 21:10 DA KALKAN ARAÇLAR, CUMARTESİ DİKİLİ'DEN 05:40 - 07:20 - 13:30 - 18:45'DE, ALİAĞA'DAN 07:10 - 12:50- 19:25 - 20:25'DE KALKAN ARAÇLAR, PAZAR DİKİLİ'DEN 05:40'DA KALKAN ARAÇ DELİKTAŞ'A UĞRAR. HATTIMIZ AKTARMA MERKEZİNDEN KALKIŞLARDA İZBAN GELİŞ SAATLERİNE GÖRE HAREKET ETTİĞİNDEN PLANLANAN HAREKET SAATLERİNDE GECİKMELER YAŞANABİLMEKTEDİR.;DİKİLİ;ALİAĞA;05:30 - 22:50;06:00 - 22:25
2;838;ŞİRİNYER AKTARMA MERKEZİ - GÜMRÜK;GÜVEN MAH. -  GÜRÇEŞME CAD.-BASMANE;Hafta içi günleri Şirinyer Aktarma Merkezi'nden 07.30, 07.42, 07.54, 08.02 ve 08.16 servisleri Çamlık Cami Durağı'ndan başlar.;ŞİRİNYER AKT.;GÜMRÜK;06:00 - 23:20;06:35 - 00:00
2;847;POSTACILAR MAHALLESİ - KARŞIYAKA İSKELE;YENİ GİRNE - GİRNE;;BAYRAKLI EVLERİ;KARŞIYAKA İSKELE;06:00 - 23:25;06:40 - 00:00
2;848;KOYUNDERE - ULUKENT AKTARMA MERKEZİ 1;KOYUNDERE - EGEKENT 2 İSTASYON;;KOYUNDERE;ULUKENT AKTARMA MERKEZİ;06:00 - 00:25;06:35 - 00:50
2;849;YENİ ŞAKRAN MAHALLESİ - ALİAĞA AKTARMA;ŞAKRAN CEZAEVİ-ÇALTILIDERE- ALİAĞA İLÇE AKTARMA MERKEZİ;;YENİ ŞAKRAN MAHALLESİ;ALİAĞA AKTARMA;06:35 - 19:35;06:00 - 18:50
2;850;TUZÇULLU -SEYREK - ULUKENT AKTARMA MERKEZİ 2;GÜNERLİ ? SEYREK ? BAKIRÇAY ÜNİVERSİTESİ ;;TUZCULLU;ULUKENT AKTARMA MERKEZİ;05:55 - 19:15;06:30 - 20:00
2;853;EGEKENT AKTARMA MERKEZİ - KARŞIYAKA İSKELE;ÇİĞLİ - KARŞIYAKA DEVLET HASTANESİ - GİRNE;;EGEKENT AKT.;KARŞIYAKA İSKELE;06:00 - 19:20;06:00 - 20:10
2;858;BAYINDIR - İZMİR OTOGAR;ÇIRPI-HASKÖY-YENİ ÇİFTLİK;;BAYINDIR;İZMİR OTOGAR;06:30 - 11:30;09:30 - 16:30
2;866;BUCA TOPLU KONUTLARI - ŞİRİNYER AKTARMA MERKEZİ;İL JANDARMA K.-ADATEPE - FORBES;;BUCA TOPLU KONUTLARI;ŞİRİNYER AKT.;06:00 - 23:45;06:35 - 00:30
2;868;MENEMEN PLASTİK İHTİSAS ORGANİZE SANAYİ - ATATÜRK MAHALLESİ - MENEMEN AKTARMA MERKEZİ;MENEMEN PLASTİK OSB-ATATÜRK MAH.;;ORGANİZE SANAYİ;MENEMEN AKTARMA MERKEZİ;06:00 - 23:20;06:40 - 00:00
2;871;İŞÇİEVLERİ - ŞİRİNYER AKTARMA MERKEZİ;FEVZİ ÇAKMAK CAD.-MENDERES CAD.;;İŞÇİEVLERİ;ŞİRİNYER AKT.;06:00 - 19:30;06:35 - 20:00
2;874;İZKENT - ŞİRİNYER AKTARMA MERKEZİ;YAVUZ SULTAN SELİM CAD.-MENDERES CAD.;;İZKENT;ŞİRİNYER AKT.;06:00 - 21:40;06:35 - 22:20
2;875;EVKA 1 - ŞİRİNYER AKTARMA MERKEZİ;GAZİOSMANPAŞA CAD.-MENDERES CAD.;;EVKA-1;ŞİRİNYER AKT.;05:50 - 22:25;06:36 - 23:10
2;876;ŞİRİNKAPI - ŞİRİNYER AKTARMA MERKEZİ;İESOB EML-MENDERES CAD.;;ŞİRİNKAPI;ŞİRİNYER AKT.;06:00 - 23:30;06:25 - 00:00
2;877;UZUNDERE TOPLU KONUTLARI - GAZİEMİR SEMT GARAJI;CENNETÇEŞME-ESKİ İZMİR CAD.-ÇEVRE YOLU;;UZUNDERE TOPLU KONUTLARI;GAZİEMİR SEMT GARAJI;06:10 - 20:10;07:10 - 21:10
2;878;TINAZTEPE - ŞİRİNYER AKTARMA MERKEZİ;DOKUZ ÇEŞMELER - SEYFİ DEMİRSOY HASTANESİ - FORBES;SAAT 22:00'DEN SONRA TINAZTEPE YERLEŞKESİ İÇERİSİNE HİZMET VERMEYECEKTİR;TINAZTEPE;ŞİRİNYER AKT.;06:00 - 23:30;06:40 - 00:00
2;879;F.ALTAY - GAZİEMİR SEMT GARAJI;POLAT CAD.- DOSTLUK BULV.-AKTEPE;;F.ALTAY;GAZİEMİR SEMT GARAJI;06:00 - 00:30;06:00 - 00:30
2;887;SARNIÇ AKTARMA MERKEZİ - KONAK;AKÇAY CAD. - YEŞİLLİK CAD. - ÜÇYOL;;SARNIÇ AKT.;KONAK;06:05 - 23:15;06:15 - 00:00
2;889;SARNIÇ - SARNIÇ AKTARMA MERKEZİ;SARNIÇ MEYDAN-BELEDİYE GARAJI-PİKNİK ALANI;;SARNIÇ;SARNIÇ AKT.;05:45 - 00:20;06:05 - 00:40
2;891;EVKA 7 - GAZİEMİR SEMT GARAJI;ÖNDER CAD.-AKÇAY CAD.-SERBEST BÖLGE;;EVKA-7;GAZİEMİR SEMT GARAJI;05:55 - 23:30;06:35 - 00:00
2;910;GAZİEMİR - KONAK;KARABAĞLAR-ÜÇYOL-VARYANT;;GAZİEMİR;KONAK;00:15 - 04:00;01:00 - 05:00
2;912;EGEKENT AKTARMA MERKEZİ - ALSANCAK GAR;ANADOLU CAD.-ALTINYOL;;EGEKENT AKTARMA;ALSANCAK GAR;06:00 - 23:40;06:15 - 00:20
2;920;ÇİĞLİ - KONAK;ANADOLUCAD.-SERİNKUYU-GİRNE-ALTINYOL;;ÇİĞLİ MERKEZ;KONAK;00:00 - 04:00;01:00 - 05:00
2;930;BORNOVA - KONAK;Manavkuyu-Adliye-Alsancak;;BORNOVA;KONAK;00:25 - 05:35;01:00 - 05:00
2;936;KINIK - ALİAĞA AKTARMA MERKEZİ;Dündarlı - Yayakent - Bergama;;KINIK;ALİAĞA;05:40 - 16:00;08:15 - 18:35
2;940;BUCA - KONAK;BUCA DEVL. HASTANESI.-MENDERES CD.-EŞREFPAŞA-VARYANT-İKİÇEŞMELİK;;BUCA;KONAK;00:25 - 04:00;01:00 - 05:00
2;951;HALKAPINAR METRO2-KONAK;ALSANCAK GAR - LOZAN MEYDANI - KAHRAMANLAR;;HALKAPINAR METRO2;KONAK;06:05 - 19:30;06:55 - 20:30
2;963;EVKA 3 METRO - ALSANCAK GAR;BORNOVA MERKEZ - MANAVKUYU;;EVKA 3 METRO;ALSANCAK GAR;06:00 - 23:45;06:35 - 00:20
3;5;NARLIDERE - ÜÇKUYULAR İSKELE;MİTHAT PAŞA CAD. - 9 EYLÜL HASTANESİ-F.ALTAY AKT.;;NARLIDERE;ÜÇKUYULAR İSKELE;06:00 - 23:00;06:40 - 23:40
3;6;ARIKENT - ÜÇKUYULAR İSK.;MİTHAT PAŞA CAD. - 9 EYLÜL HASTANESİ;;ARIKENT;ÜÇKUYULAR İSKELE;05:50 - 23:20;06:30 - 00:00
3;7;SAHİLEVLERİ - ÜÇKUYULAR İSK.;MİTHAT PAŞA CAD. - 9 EYLÜL HASTANESİ;;SAHİLEVLERİ;ÜÇKUYULAR İSKELE;06:00 - 23:35;06:45 - 00:20
3;10;ÜÇKUYULAR İSKELE - KONAK;MİTHATPAŞA CAD.-ASANSÖR-KARATAŞ;;ÜÇKUYULAR İSKELE;KONAK;06:00 - 23:25;06:00 - 00:00
3;15;İNÖNÜ - KONAK;ÇANKAYA MAH.-NOKTA-İNÖNÜ CAD.;;İNÖNÜ MAH.;KONAK;06:00 - 23:30;06:20 - 00:00
3;18;YEŞİLYURT - KONAK;ATATÜRK EĞT.ARŞ.HAST.-ORDU CAD.- VARYANT;HATTIMIZ RİNG HAT OLUP KONAKTAN SAAT UYGULAMASI YOKTUR;YEŞİLYURT;KONAK;06:05 - 23:20;
3;19;ŞEHİTLER - KONAK;BASIN SİTESİ-ATATÜRK EĞT. ARŞ.HAST.- ÜÇYOL;HATTIMIZ RİNG HAT OLUP KONAKTAN SAAT UYGULAMASI YOKTUR;ŞEHİTLER;KONAK;06:00 - 23:25;
3;20;KOOPERATİF EVLERİ - KONAK;SAİM ÇIKRIKÇI CAD.-BOZYAKA EĞT. ARŞ.HAST.-ÜÇYOL;HATTIMIZ RİNG HAT OLUP KONAKTAN SAAT UYGULAMASI YOKTUR;KOOP. EVLERİ;KONAK;06:00 - 23:20;
3;21;HALİL RIFAT PAŞA - KONAK;ŞATO;HATTIMIZ RİNG HAT OLUP HALİL RIFAT PAŞA'DAN SAAT UYGULAMASI YOKTUR.;HALİL RIFAT PAŞA;KONAK;;06:00 - 00:00
3;23;UZUNDERE - KONAK;ESKİİZMİR CAD.-EŞREFPAŞA-VARYANT;HATTIMIZ RİNG HAT OLUP KONAKTAN SAAT UYGULAMASI YOKTUR;UZUNDERE;KONAK;06:00 - 23:20;
3;24;KAVACIK - ÜÇKUYULAR İSKELE;TIRAZLI-LİMONTEPE KAVŞAĞI-ÇEVRE YOLU;;KAVACIK;ÜÇKUYULAR İSKELE;07:30 - 19:00;06:30 - 18:00
3;25;OYUNLAR KÖYÜ - ÜÇKUYULAR İSKELE;ÇEVRE YOLU-LİMONTEPE KAVŞAĞI;;OYUNLAR KÖYÜ;ÜÇKUYULAR İSKELE;06:00 - 23:30;06:30 - 00:00
3;27;ÇAMLIK - KONAK;KARABAĞLAR-EŞREFPAŞA-VARYANT;HATTIMIZ RİNG HAT OLUP KONAKTAN SAAT UYGULAMASI YOKTUR;ÇAMLIK;KONAK;06:00 - 23:20;
3;29;KADRİYE MAH. - KONAK;EŞREFPAŞA-VARYANT;;KADRİYE MAH.;KONAK;06:00 - 23:30;06:26 - 00:00
3;30;KAYNAK - KONAK;HASAN ÖZDEMİR MAH.- EŞREFPAŞA -VARYANT;;KAYNAK;KONAK;06:00 - 23:35;06:22 - 00:00
3;32;ÇİMENTEPE SİTESİ - KONAK;EŞREFPAŞA-VARYANT;;ÇİMENTEPE SİTESİ;KONAK;06:35 - 21:10;06:55 - 21:45
3;33;KADİFEKALE - KONAK;EŞREFPAŞA-VARYANT;;KADİFEKALE;KONAK;06:00 - 23:35;06:30 - 00:00
3;35;BALLIKUYU - KONAK;KAPILAR - BASMANE;;BALLIKUYU;KONAK;06:00 - 23:15;06:25 - 00:00
3;72;İŞÇİEVLERİ - KONAK;ŞİRİNYER - EŞREFPAŞA - İKİÇEŞMELİK;HATTIMIZ RİNG HAT OLUP KONAKTAN SAAT UYGULAMASI YOKTUR;İŞÇİEVLERİ;KONAK;06:05 - 23:20;
3;104;BUCA TOPLU KONUTLARI - KONAK;DOKUZ ÇEŞMELER - ŞİRİNYER - İKİÇEŞMELİK;HATTIMIZ RİNG HAT OLUP KONAKTAN SAAT UYGULAMASI YOKTUR.;BUCA TOPLU KONUTLARI;KONAK;05:50 - 22:52;
3;105;ÇAMLIKULE - KONAK;AKINCILAR MAH. - EŞREFPAŞA - İKİÇEŞMELİK;HATTIMIZ RİNG HAT OLUP KONAKTAN SAAT UYGULAMASI YOKTUR;ÇAMLIKULE;KONAK;06:00 - 23:20;
3;121;MAVİŞEHİR AKTARMA MERKEZİ - KONAK;KARŞIYAKA - ALTINYOL - TALATPAŞA;;MAVİŞEHİR AKTARMA MERKEZİ;KONAK;06:00 - 23:00;06:20 - 00:05
3;126;CUMHURİYET MAH. - KARŞIYAKA;SERİNKUYU - GİRNE;;CUMHURİYET MAH.;KARŞIYAKA İSKELE;06:00 - 23:30;06:40 - 00:00
3;135;DOĞANÇAY - KARŞIYAKA;KUBİLAY CAD. - SOĞUKKUYU - GİRNE;;DOĞANÇAY;KARŞIYAKA İSKELE;06:00 - 23:20;06:40 - 00:00
3;136;ÖRNEKKÖY - KARŞIYAKA;ZÜBEYDE HANIM MAH. - DEDEBAŞI - GİRNE;06:00-13:00 saatleri arası Karşıyaka?dan 13:00-17:30 saatleri arası Örnekköy?den yapılan servislerde mezarlığa uğramaktadır.;ÖRNEKKÖY;KARŞIYAKA İSKELE;06:10 - 23:15;06:35 - 00:00
3;137;YAMANLAR - KARŞIYAKA;SOĞUKKUYU-GİRNE;;YAMANLAR;KARŞIYAKA İSKELE;06:05 - 23:20;06:25 - 00:00
3;152;GAZİEMİR - KONAK;KARABAĞLAR- ÜÇYOL -VARYANT;;GAZİEMİR;KONAK;06:00 - 00:00;06:00 - 00:00
3;157;AKTEPE MAHALLESİ - KONAK;PEKER MAHALLESİ - KARABAĞLAR -  VARYANT;;AKTEPE MAH.;KONAK;06:00 - 23:15;06:10 - 00:00
3;171;TINAZTEPE - KONAK;BUCA KOOP. - AKINCILAR MAH. - EŞREFPAŞA;HATTIMIZ RİNG HAT OLUP KONAKTAN SAAT UYGULAMASI YOKTUR;TINAZTEPE;KONAK;05:50 - 23:00;
3;193;YURTOĞLU - KONAK;CENNETÇEŞME - BOZYAKA - EŞREFPAŞA;;YURTOĞLU;KONAK;06:00 - 23:15;06:45 - 00:00
3;196;NAFİZ GÜRMAN - KARŞIYAKA İSKELE;GÜMÜŞPALA - NALDÖKEN -TERSHANE;;NAFİZ GÜRMAN;KARŞIYAKA İSKELE;06:10 - 23:30;06:40 - 00:00
3;197;NAFİZ GÜRMAN - KARŞIYAKA;GÜMÜŞPALA - GİRNE;;NAFİZ GÜRMAN;KARŞIYAKA İSKELE;06:00 - 23:20;06:35 - 00:00
3;200;MAVİŞEHİR AKTARMA MERKEZİ - HAVALİMANI;KARŞIYAKA - YEŞİLDERE - GAZİEMİR;;MAVİŞEHİR AKT.;HAVALİMANI;00:20 - 04:20;05:20 - 03:20
3;202;CUMHURİYET MEYDANI - HAVALİMANI;MUSTAFA KEMAL SAHİL BULV.-F. ALTAY-ÇEVRE YOLU;;CUMHURİYET MEYDANI;HAVALİMANI;00:00 - 04:00;01:00 - 05:00
3;221;ŞEMİKLER - BOSTANLI İSKELE;BESTEKAR YUSUF NALKESEN SK.-ŞEHİTLER BULV.-BOSTANLI MAH.;;ŞEMİKLER;BOSTANLI İSKELE;06:00 - 21:10;06:35 - 22:00
3;222;ŞEMİKLER - KARŞIYAKA İSKELE;ANADOLU CAD. - GİRNE;;ŞEMİKLER;KARŞIYAKA ISKELE;06:10 - 23:30;06:45 - 00:00
3;224;CENNETÇEŞME - KONAK;ESKIIZMIR CAD. - BOZYAKA - EŞREFPAŞA;;CENNETÇEŞME;KONAK;05:30 - 23:10;06:27 - 00:00
3;229;YAKAKENT MAHALLESİ - BOSTANLI İSKELE;ÇİĞLİ - ATAKENT;Olumsuz Hava Koşulları'nda Çamlıkent Meydan, Çamlıkent Çıkış ve Çamlıkent duraklarına hizmet verilemeyecektir.;YAKAKENT MAHALLESİ;BOSTANLI İSKELE;06:00 - 23:45;06:45 - 00:30
3;233;ESBAŞ AKTARMA MERKEZİ - KONAK;BEYAZEVLER - AKINCILAR - EŞREFPAŞA;;ESBAŞ AKT;KONAK;06:00 - 23:05;06:10 - 00:00
3;253;H.PINAR METRO 2 - KONAK;ALSANCAK-TALATPAŞA-CUMHURİYET BULV.;;HALKAPINAR METRO;KONAK;06:00 - 00:05;06:00 - 00:05
3;258;ONUR MAH. - KARŞIYAKA;POSTACI MAH. - GİRNE;;ONUR MAH.;KARŞIYAKA İSKELE;06:05 - 23:25;06:45 - 00:00
3;285;EVKA 1 - KONAK;ŞİRİNYER - EŞREFPAŞA - İKİÇEŞMELİK;HATTIMIZ RİNG HAT OLUP KONAKTAN SAAT UYGULAMASI YOKTUR;EVKA-1;KONAK;06:05 - 23:05;
3;290;BOSTANLI İSKELE - TINAZTEPE;KARŞIYAKA İSKELE-ALTINYOL-ANKARA CD.-ÇEVRE YOLU;;BOSTANLI;TINAZTEPE;06:15 - 22:30;06:15 - 22:30
3;302;OTOGAR - KONAK;KEMALPAŞA CAD. - YENİŞEHİR HASTANELER - GAZİ BULV.;;OTOGAR;KONAK;06:05 - 23:20;06:10 - 00:00
3;303;BUCA HEYKEL - KONAK;MENDERES CADDESİ-HOMEROS BULV. - KONAK TÜNELİ;;BUCA HEYKEL;KONAK;06:20 - 21:50;06:46 - 22:20
3;304;TINAZTEPE-KONAK;MENDERES CAD.- HOMEROS BULV. - KONAK TÜNELLERİ;;TINAZTEPE;KONAK;06:00 - 23:15;06:45 - 00:00
3;322;MUSTAFA KEMAL MAHALLESİ - BOSTANLI İSKELE;ESİN SİTESİ-ÇEVRE YOLU-CAHER DUDAYEV BULV.;;MUSTAFA KEMAL MAHALLESİ;BOSTANLI İSKELE;06:00 - 23:20;06:30 - 00:00
3;326;MUSTAFA KEMAL MAH. - KARŞIYAKA;İNÖNÜ MAH. - CUMHURİYET MAH. -  GİRNE;;MUSTAFA KEMAL MAH.;KARŞIYAKA İSKELE;06:05 - 23:15;06:50 - 00:00
3;327;İNÖNÜ MAHALLESİ-BOSTANLI İSKELE;ÇEVREYOLU-CUMHURİYET MAH.-CAHER DUDAYEV BULV.;Hattımız ring hat olup İnönü Mahallesinden saat uygulaması yoktur. Ancak hafta içi ve cumartesi günleri 06:00 servisi Soyak İzsu durağından başlamaktadır.;İNÖNÜ MAHALLESİ;BOSTANLI;;06:35 - 21:55
3;330;BOSTANLI İSKELE - EVKA3 METRO;KARŞIYAKA İSKELE-BAYRAKLI-MANAVKUYU-BORNOVA;;BOSTANLI İSKELE;EVKA3 METRO;06:00 - 00:10;06:00 - 00:20
3;361;BAHRİYE ÜÇOK - KARŞIYAKA İSKELE;GİRNE - CEMAL GÜRSEL CAD.;;BAHRİYE ÜÇOK;KARŞIYAKA ISKELE;06:00 - 23:40;06:25 - 00:05
3;374;İZKENT - KONAK;ŞİRİNYER - EŞREFPAŞA - İKİÇEŞMELİK;HATTIMIZ RİNG HAT OLUP KONAKTAN SAAT UYGULAMASI YOKTUR;İZKENT;KONAK;06:05 - 23:15;
3;417;BUCA KOOP - KONAK;İZBAN KOŞU - KONAK TÜNEL;;BUCA KOOP;KONAK;06:00 - 19:03;06:35 - 19:53
3;423;ŞİRİNEVLER - BOSTANLI İSKELE;KENT HASTANESİ - ATAKENT;;ŞİRİNEVLER;BOSTANLI İSKELE;06:35 - 17:00;07:15 - 17:50
3;428;EGEKENT 2 - BOSTANLI İSKELE;ULUKENT - ÇİĞLİ - ATAKENT;Körüklü Araçlar Ulukent İlköğretim Okulu, Ulucak Cami, Ulukent Meydan, Ulukent Çıkış, Celalettin Akar Duraklarına Uğramamaktadır.;EGEKENT-2;BOSTANLI İSKELE;06:00 - 23:10;06:50 - 00:00
3;429;GÜZELTEPE - BOSTANLI İSKELE;ÇİĞLİ - ŞİRİNTEPE - ATAKENT;;GÜZELTEPE;BOSTANLI İSKELE;06:05 - 23:30;06:40 - 00:10
3;430;YAKAKENT MAHALLESİ - BOSTANLI İSKELE;YÜKSEK VADİ EVLERİ - ESİN SİT.-GİRNE;Olumsuz Hava Koşulları'nda Çamlıkent Meydan, Çamlıkent Çıkış ve Çamlıkent duraklarına hizmet verilemeyecektir. ;YAKAKENT MAHALLESİ;BOSTANLI İSKELE;06:15 - 19:30;06:15 - 20:35
3;435;KÖRFEZ MAHALLESI - BOSTANLI İSKELE;ÇEVRE YOLU - GİRNE;;KÖRFEZ EVLERİ;BOSTANLI İSKELE;06:00 - 23:30;06:30 - 00:10
3;442;ATATÜRK MAHALLESİ - BOSTANLI İSKELE;AHMET YESEVİ BULV.- İZKENT MAH.-KENT HASTANESİ;Olumsuz hava koşullarında Doğan, Gezer, Zirve ve İzkent Son Durak durakları kullanılmayacaktır.;ATATÜRK MAH.;BOSTANLI İSKELE;06:30 - 19:00;07:15 - 19:55
3;443;EGEKENT - BOSTANLI İSKELE;İZKENT MAH.-ÇİĞLİ - ATAKENT;;EGEKENT;BOSTANLI İSKELE;06:00 - 23:20;06:45 - 00:10
3;445;EVKA 2 - BOSTANLI İSKELE;MALTEPE - ÇİĞLİ - ATAKENT;;EVKA-2;BOSTANLI İSKELE;06:05 - 23:25;06:46 - 00:10
3;446;EVKA 5 - BOSTANLI İSKELE;ESENTEPE - ÇİĞLİ - ATAKENT;Olumsuz hava koşullarında Doğan, Gezer, Zirve ve İzkent Son Durak durakları kullanılmayacaktır.;EVKA-5;BOSTANLI İSKELE;06:05 - 23:15;06:50 - 00:00
3;447;EVKA 6 - BOSTANLI İSKELE;AYDINLIKEVLER - ÇİĞLİ - ATAKENT;;EVKA-6;BOSTANLI İSKELE;06:15 - 23:25;06:40 - 00:10
3;465;TINAZTEPE - KONAK;AHMET YESEVİ CAD. - ENHOŞLAR-  EŞREFPAŞA;HATTIMIZ RİNG HAT OLUP KONAKTAN SAAT UYGULAMASI YOKTUR;TINAZTEPE;KONAK;06:00 - 22:55;
3;466;ŞİRİNYER AKTARMA MERKEZİ - KONAK;GÜRÇEŞME - GAZİLER CAD. - BASMANE;;ŞİRİNYER AKT.;KONAK;06:00 - 23:20;06:40 - 00:00
3;471;TINAZTEPE - KONAK;Buca Seyfi Demirsoy Devlet Hastanesi-Şirinyer-Eşrefpaşa;HATTIMIZ RİNG HAT OLUP KONAKTAN SAAT UYGULAMASI YOKTUR.;TINAZTEPE;KONAK;06:00 - 23:00;
3;480;İNCİRALTI - ÜÇKUYULAR İSKELE;BALÇOVA - ATA CAD.-F. ALTAY;;İNCİRALTI;ÜÇKUYULAR İSKELE;06:30 - 23:25;06:10 - 00:00
3;481;İNCİRALTI - BALÇOVA;BAHÇELERARASI- YILDIZ SOKAK - ÜÇKUYULAR İSKELE;;İNCİRALTI;BALÇOVA;06:00 - 18:40;06:40 - 19:20
3;484;YEŞİLBAĞLAR - KONAK;INKILAP İSTASYON - AKINCILAR - EŞREFPAŞA;HATTIMIZ RİNG HAT OLUP KONAKTAN SAAT UYGULAMASI YOKTUR.;YEŞİLBAĞLAR;KONAK;06:00 - 23:25;
3;485;GAZİEMİR İLÇE TERMİNALİ - KONAK;GÖKSU - YEŞİLBAĞLAR - FIRAT;HATTIMIZ RİNG HAT OLUP KONAKTAN SAAT UYGULAMASI YOKTUR.;GAZİEMİR İLÇE TERMİNALİ;KONAK;06:20 - 20:05;
3;486;OYAK SİTESİ - İNCİRALTI;BAKÜ BULV.-ÜÇKUYULAR İSKELE;;OYAK SİTESİ;İNCİRALTI;06:35 - 23:00;06:35 - 23:30
3;487;DEMİRKÖPRÜ - KARŞIYAKA;GÜNSAZAK BULV. - GİRNE;;DEMİRKÖPRÜ;KARŞIYAKA İSKELE;06:15 - 23:15;06:50 - 00:00
3;508;MENDERES - KONAK;KARABAĞLAR-ÜÇYOL-VARYANT;;MENDERES;KONAK;05:40 - 23:00;06:20 - 00:00
3;522;UZUNDERE TOPLU KONUTLARI - ÜÇYOL METRO;ESKİ İZMİR CAD. - BOZYAKA EĞT. ARŞ. HAST.;;UZUNDERE TOPLU KONUTLARI;ÜÇYOL METRO;06:35 - 17:35;07:30 - 18:30
3;532;BAYRAKLI ŞEHİR HASTANESİ - BOSTANLI İSKELE;GİRNE BULVARI;HATTIMIZ RİNG HAT OLUP HASTANEDEN SAAT UYGULAMASI YOKTUR.;ŞEHİR HASTANESİ;BOSTANLI İSKELE;;06:35 - 00:00
3;543;BOSTANLI İSKELE - H.PINAR METRO;BAYRAKLI - ADLİYE - MERSİNLİ;;BOSTANLI İSKELE;HALKAPINAR METRO;06:05 - 00:05;06:10 - 00:05
3;547;ÇİĞLİ AKTARMA MERKEZİ - BOSTANLI İSKELE;ATAŞEHİR MAH.-CAHER DUDAYEV BULV.-ŞEHİTLER BULV;;ÇİĞLİ AKT.;BOSTANLI İSKELE;06:05 - 23:20;06:45 - 00:00
3;550;GÜNALTAY - KONAK;ESERKENT-ZİNCİRLİKUYU-ÜÇYOL;;GÜNALTAY;KONAK;06:00 - 23:24;06:05 - 00:00
3;556;ÇAMLIK - ÜÇYOL METRO;DOSTLUK BULVARI-ZİNCİRLİ KUYU - BOZYAKA EĞT.ARŞ.HAST.;;ÇAMLIK;ÜÇYOL METRO;06:00 - 23:20;06:50 - 00:00
3;587;LİMONTEPE - KONAK;ESKİİZMİR CAD.-SAİM ÇIKRIKÇI CAD.-BOZYAKA EĞT.ARŞ.HAST.;;LİMONTEPE;KONAK;06:00 - 23:15;06:45 - 00:00
3;588;YENİ ÇAMLIK - KONAK;BARIŞ MAHALLESİ-BOZYAKA - KİLİMCİTEPE;;YENİ ÇAMLIK;KONAK;06:00 - 23:15;06:50 - 00:00
3;595;9 EYLÜL MAHALLESI - BOSTANLI İSKELE;KATİP ÇELEBİ ÜNİVERSİTESİ - ATAŞEHİR - ATAKENT;;9 EYLÜL MAH.;BOSTANLI İSKELE;06:20 - 23:00;06:35 - 00:00
3;650;FUAR İZMİR - BALÇOVA;ÇEVRE YOLU-F.ALTAY-ÜÇKUYULAR İSKELE;;FUAR İZMİR;BALÇOVA;08:05 - 18:10;07:30 - 16:15
3;741;YAMANLAR KÖYÜ - KARŞIYAKA;YENİ GİRNE - GİRNE;;YAMANLAR KÖYÜ;KARŞIYAKA İSKELE;06:50 - 16:40;07:30 - 17:35
3;742;SANCAKLI KÖYÜ - KARŞIYAKA;DOĞANÇAY - KUBİLAY CAD. - GİRNE;;SANCAKLI KÖYÜ;KARŞIYAKA İSKELE;06:50 - 16:40;07:30 - 17:35
3;777;DOĞAL YAŞAM PARKI - KARŞIYAKA;ATAKENT;;DOĞAL YAŞAM PARKI;KARŞIYAKA İSKELE;07:30 - 19:35;06:30 - 18:35
3;788;HAVUZBAŞI - BAYINDIR;ARIKBAŞI-ÇİFTÇİGEDİĞİ-KIZILCAOVA;;HAVUZBAŞI;BAYINDIR;06:10 - 17:30;07:25 - 18:45
3;811;ENGELLİLER MERKEZİ - MONTRÖ;MİTHATPAŞA CAD.-İNÖNÜ CAD.-MUSTAFA KEMAL SAHİL BULV.;;ENGELLİLER MERKEZİ;MONTRÖ;07:30 - 19:30;08:15 - 20:30
3;820;HARMANDALI - BOSTANLI İSKELE;Cumhuriyet Mah. - Uğur Mumcu Mah. - Çiğli - Atakent;;HARMANDALI;BOSTANLI İSKELE;06:05 - 23:20;06:15 - 00:10
3;821;MAVİŞEHİR AKTARMA MERKEZİ - BOSTANLI İSKELE;MAVİŞEHİR MAH.-ATAKENT MAH.-HASAN ALİ YÜCEL BUV.;;MAVİŞEHİR AKT.;BOSTANLI İSKELE;06:00 - 23:30;06:25 - 00:05
3;823;ÜÇYOL - GAZİEMİR SEMT GARAJI;BOZYAKA EĞT.ARŞ.HAST.-ESKİİZMİR CAD.-ÇEVRE YOLU;;ÜÇYOL METRO;GAZİEMİR SEMT GARAJI;06:45 - 22:00;06:00 - 21:00
3;827;ULUKENT AKTARMA MERKEZİ - BOSTANLI İSKELE;ULUKENT KOP. - ÇİĞLİ - ATAKENT;;ULUKENT AKT.;BOSTANLI İSKELE;06:00 - 23:35;06:53 - 00:30
3;847;POSTACILAR MAHALLESİ - KARŞIYAKA İSKELE;YENİ GİRNE - GİRNE;;BAYRAKLI EVLERİ;KARŞIYAKA İSKELE;06:00 - 23:25;06:40 - 00:00
3;853;EGEKENT AKTARMA MERKEZİ - KARŞIYAKA İSKELE;ÇİĞLİ - KARŞIYAKA DEVLET HASTANESİ - GİRNE;;EGEKENT AKT.;KARŞIYAKA İSKELE;06:00 - 19:20;06:00 - 20:10
3;879;F.ALTAY - GAZİEMİR SEMT GARAJI;POLAT CAD.- DOSTLUK BULV.-AKTEPE;;F.ALTAY;GAZİEMİR SEMT GARAJI;06:00 - 00:30;06:00 - 00:30
3;887;SARNIÇ AKTARMA MERKEZİ - KONAK;AKÇAY CAD. - YEŞİLLİK CAD. - ÜÇYOL;;SARNIÇ AKT.;KONAK;06:05 - 23:15;06:15 - 00:00
3;910;GAZİEMİR - KONAK;KARABAĞLAR-ÜÇYOL-VARYANT;;GAZİEMİR;KONAK;00:15 - 04:00;01:00 - 05:00
3;920;ÇİĞLİ - KONAK;ANADOLUCAD.-SERİNKUYU-GİRNE-ALTINYOL;;ÇİĞLİ MERKEZ;KONAK;00:00 - 04:00;01:00 - 05:00
3;930;BORNOVA - KONAK;Manavkuyu-Adliye-Alsancak;;BORNOVA;KONAK;00:25 - 05:35;01:00 - 05:00
3;940;BUCA - KONAK;BUCA DEVL. HASTANESI.-MENDERES CD.-EŞREFPAŞA-VARYANT-İKİÇEŞMELİK;;BUCA;KONAK;00:25 - 04:00;01:00 - 05:00
3;945;ESENTEPE - ÜÇKUYULAR İSKELE;MEHMETÇİK BULV.;;ESENTEPE;ÜÇKUYULAR İSKELE;06:00 - 23:30;06:30 - 00:00
3;950;NARLIDERE - KONAK;ATA CAD.-F.ALTAY-INÖNÜ CAD.;;NARLIDERE;KONAK;00:10 - 04:00;01:00 - 05:00
3;951;HALKAPINAR METRO2-KONAK;ALSANCAK GAR - LOZAN MEYDANI - KAHRAMANLAR;;HALKAPINAR METRO2;KONAK;06:05 - 19:30;06:55 - 20:30
3;977;İZMİR DEMOKRASİ ÜNİVERSİTESİ - ÜÇKUYULAR İSKELE;F.ALTAY-ÇEVRE YOLU-UZUNDERE KAVŞAĞI;;DEMOKRASİ ÜNİVERSİTESİ;ÜÇKUYULAR İSKELE;07:30 - 19:00;06:50 - 18:20
4;200;MAVİŞEHİR AKTARMA MERKEZİ - HAVALİMANI;KARŞIYAKA - YEŞİLDERE - GAZİEMİR;;MAVİŞEHİR AKT.;HAVALİMANI;00:20 - 04:20;05:20 - 03:20
4;202;CUMHURİYET MEYDANI - HAVALİMANI;MUSTAFA KEMAL SAHİL BULV.-F. ALTAY-ÇEVRE YOLU;;CUMHURİYET MEYDANI;HAVALİMANI;00:00 - 04:00;01:00 - 05:00
4;204;BORNOVA METRO - HAVALİMANI;OTOGAR-ÇEVRE YOLU-AKÇAY CAD.;;BORNOVA METRO;HAVALİMANI;05:40 - 04:40;05:40 - 03:40
4;206;ŞİRİNYER AKTARMA MERKEZİ - HAVALİMANI;;;ŞİRINYER AKTARMA MERKEZİ;HAVALİMANI;00:30 - 04:30;05:30 - 03:30
5;54;OTOGAR - KEMER AKTARMA MERKEZİ;YEŞİLOVA - MERSİNLİ - YENİŞEHİR HASTANELER;;OTOGAR;KEMER AKT.;06:00 - 19:22;06:51 - 20:13
5;60;PINARBAŞI - KEMER AKTARMA MERKEZİ;5. SANAYİ - KEMALPAŞA CAD. - YENİŞEHİR HASTANELER;;PINARBAŞI;KEMER AKT.;06:10 - 20:20;06:18 - 20:50
5;64;AYAKKABICILAR SİT. - KEMER AKTARMA MERKEZİ;IŞIKKENT - KEMALPAŞA CAD. - YENİŞEHİR HASTANELER;;AYAKKABICILAR SİTESİ;KEMER AKT.;06:00 - 20:00;06:22 - 20:25
5;117;KAVAKLIDERE - KEMER AKTARMA MERKEZİ;5.SANAYİ SİTESİ- ALTINDAĞ - YENİŞEHİR HASTANELER;;KAVAKLIDERE;KEMER AKT.;06:20 - 20:05;06:20 - 21:10
5;204;BORNOVA METRO - HAVALİMANI;OTOGAR-ÇEVRE YOLU-AKÇAY CAD.;;BORNOVA METRO;HAVALİMANI;05:40 - 04:40;05:40 - 03:40
5;277;OTOGAR - TINAZTEPE;HAYVAN BARINAĞI - GÖKDERE - YENİ KABRİSTAN;;OTOGAR;TINAZTEPE;06:00 - 23:30;06:00 - 23:30
5;302;OTOGAR - KONAK;KEMALPAŞA CAD. - YENİŞEHİR HASTANELER - GAZİ BULV.;;OTOGAR;KONAK;06:05 - 23:20;06:10 - 00:00
5;364;GERİKAZANIMCILAR SİTESİ - HALKAPINAR METRO;KARA NAKLİYECİLER SİTESİ - OTOGAR - KAMİL TUNCA;;GERİKAZANIMCILAR SİTESİ;HALKAPINAR METRO;07:00 - 19:40;06:30 - 19:30
5;367;ÜMİT MAH. - KEMER AKTARMA MERKEZİ;ÜMIT MH.-DOĞANLAR MH.-MEVLANA MH.-YENIŞEHIR HASTANELER;;ÜMİT MAH.;KEMER AKT.;06:50 - 17:15;07:45 - 18:30
5;505;ÇAMKULE - BORNOVA METRO;ALTINDAĞ - OTOGAR - BORNOVA ANADOLU LİSESİ;;ÇAMKULE;BORNOVA METRO;06:00 - 23:20;06:35 - 00:00
5;555;OTOGAR - HALKAPINAR METRO;YEŞİLOVA - MERSİNLİ;;OTOGAR;HALKAPINAR METRO;06:00 - 00:10;06:43 - 00:50
5;560;PINARBAŞI - HALKAPINAR METRO;5.SANAYİ - OTOGAR - KAMİL TUNCA;;PINARBAŞI;HALKAPINAR METRO;06:00 - 00:10;06:20 - 00:50
5;564;AYAKKABICILAR SİTESİ - HALKAPINAR METRO;IŞIKKENT - OTOGAR - KAMİL TUNCA;;AYAKKABICILAR SİTESİ;HALKAPINAR METRO;06:00 - 23:20;06:15 - 00:00
5;602;MENEMEN AKTARMA - İZMİR OTOGAR ;ANADOLU CD. - PARK BORNOVA  ;ESHOT otogar son durağını kullanmaktadır.;MENEMEN AKTARMA;İZMİR OTOGAR;05:25 - 23:35;06:40 - 01:00
5;608;EGEKENT 2 - İZMİR OTOGAR ;HARMANDALI - ANADOLU CD. - PARK BORNOVA ;;EGEKENT 2;İZMİR OTOGAR;05:40 - 22:35;06:50 - 00:10
5;660;YENİ FOÇA - İZMİR OTOGAR;KARAGÖZ CADDESİ-ANADOLU CADDESİ-ANKARA CADDESİ;;YENİ FOÇA;OTOGAR;05:00 - 22:40;06:45 - 00:20
5;697;BEYDAĞ - İZMİR OTOGAR;KAYMAKÇI-OPTİMUM ALIŞVERİŞ MERKEZİ;Hattımız İztaşıt Tarafından işletilmektedir. ESHOT otogar son durağını kullanmaktadır.;BEYDAĞ;İZMİR OTOGAR;07:15 - 11:30;11:15 - 17:00
5;806;KİRAZ - OTOGAR;Kiraz Terminal-Kaymakçı-Optimum Alışveriş Merkezi;Hattımız İztaşıt Tarafından işletilmektedir. ESHOT otogar son durağını kullanmaktadır.;KİRAZ;OTOGAR;06:15 - 10:30;12:15 - 17:30
5;858;BAYINDIR - İZMİR OTOGAR;ÇIRPI-HASKÖY-YENİ ÇİFTLİK;;BAYINDIR;İZMİR OTOGAR;06:30 - 11:30;09:30 - 16:30
